A,,,,
Nama stasiun,Provinsi,Daerah operasi/divisi regional,Singkatan stasiun,Status
Adan-Adan,Jawa Timur,Daop VII Madiun,ADN,Tidak beroperasi
Adi Soemarmo,Jawa Tengah,Daop VI Yogyakarta,SMO,Beroperasi
Ajung,Jawa Timur,Daop IX Jember,AJU,Tidak beroperasi
"Alastua
d.h. Allas-Toewa, Alastuwa",Jawa Tengah,Daop IV Semarang,ATA,Beroperasi
Alkmaar,Jawa Timur,Daop VIII Surabaya,-,Tidak beroperasi
"Ambarawa
d.h. Willem I",Jawa Tengah,Daop IV Semarang,ABR,Museum
Ambulu,Jawa Timur,Daop IX Jember,ABL,Tidak beroperasi
Ancol,DKI Jakarta,Daop I Jakarta,AC,Beroperasi
Andir,Jawa Barat,Daop II Bandung,AND,Beroperasi
Angke,DKI Jakarta,Daop I Jakarta,AK,Beroperasi
Anyer Kidul,Banten,Daop I Jakarta,ANK,Tidak beroperasi
Anyer Lor,Banten,Daop I Jakarta,ANL,Tidak beroperasi
Argopuro,Jawa Timur,Daop IX Jember,AGO,Beroperasi
Arjawinangun,Jawa Barat,Daop III Cirebon,AWN,Beroperasi
Arjasa,Jawa Timur,Daop IX Jember,AJ,Beroperasi
Awipari,Jawa Barat,Daop II Bandung,AW,Beroperasi
B,,,,
Nama stasiun,Provinsi,Daerah operasi/divisi regional,Singkatan stasiun,Status
Babadan,Jawa Timur,Daop VII Madiun,BBD,Beroperasi
"Babakan
d.h. Nieuw Tersana",Jawa Barat,Daop III Cirebon,BBK,Beroperasi
Babat,Jawa Timur,Daop VIII Surabaya,BBT,Beroperasi
Badas,Jawa Timur,Daop VII Madiun,BDS,Tidak beroperasi
Badegan,Jawa Timur,Daop VII Madiun,BAN,Tidak beroperasi
Bagor,Jawa Timur,Daop VII Madiun,BGR,Beroperasi
Balapulang,Jawa Tengah,Daop V Purwokerto,BLP,Tidak beroperasi
Balega,Jawa Timur,Daop VIII Surabaya,BGA,Tidak beroperasi
Balong,Jawa Timur,Daop VII Madiun,BLO,Tidak beroperasi
Balongbendo,Jawa Timur,Daop VIII Surabaya,BLB,Tidak beroperasi
Balung,Jawa Timur,Daop IX Jember,BUG,Tidak beroperasi
Bangkalan,Jawa Timur,Daop VIII Surabaya,BKL,Tidak beroperasi
Banjar,Jawa Barat,Daop II Bandung,BJR,Beroperasi
Banjaranyar,Jawa Timur,Daop VII Madiun,BNR,Tidak beroperasi
Banjaran (ke Srg),Jawa Barat,Daop II Bandung,BJA,Tidak beroperasi
Banjaran (ke Ppk),Jawa Tengah,Daop V Purwokerto,BJN,Tidak beroperasi
Banjarkemantren,Jawa Timur,Daop VIII Surabaya,BJK,Tidak beroperasi
Banjarnegara,Jawa Tengah,Daop V Purwokerto,BA,Tidak beroperasi
Banjarsari (ke Cij),Jawa Barat,Daop II Bandung,BJI,Tidak beroperasi
Banjarsari (ke Ws),Jawa Tengah,Daop V Purwokerto,BJRS,Tidak beroperasi
Bandung,Jawa Barat,Daop II Bandung,BD,Beroperasi
"Bandung Gudang
d.h. Bandoeng-goederenstation",Jawa Barat,Daop II Bandung,BDG,Tidak beroperasi
Bangak,Jawa Tengah,Daop VI Yogyakarta,BGK,Tidak beroperasi
Bangil,Jawa Timur,Daop VIII Surabaya,BG,Beroperasi
Bangilan,Jawa Timur,Daop IV Semarang,BIA,Tidak beroperasi
Bangkalan,Jawa Timur,Daop VIII Surabaya,BKL,Tidak beroperasi
Bangoduwa,Jawa Barat,Daop III Cirebon,BDW,Beroperasi
Bangsal SS,Jawa Timur,Daop VIII Surabaya,BSL,Tidak beroperasi
Bangsalsari,Jawa Timur,Daop IX Jember,BSS,Beroperasi
Banyudono,Jawa Tengah,Daop VI Yogyakarta,BNO,Tidak beroperasi
Banyuwangi,Jawa Timur,Daop IX Jember,BW,Tidak beroperasi
"Banyuwangi Kota
d.h. Karangasem",Jawa Timur,Daop IX Jember,BWI,Beroperasi
"Banyuwangi Pelabuhan
d.h. Banjoewangi-Boom",Jawa Timur,Daop IX Jember,BWH,Tidak beroperasi
Bareng,Jawa Tengah,Daop IV Semarang,BAE,Tidak beroperasi
Baron,Jawa Timur,Daop VII Madiun,BRN,Beroperasi
Batang,Jawa Tengah,Daop IV Semarang,BTG,Beroperasi
"Batavia Noord
d.h. Batavia NIS",DKI Jakarta,Daop I Jakarta,-,Tidak beroperasi
"Batavia Zuid
d.h. Batavia BOS",DKI Jakarta,Daop I Jakarta,-,Tidak beroperasi
Batu Ceper,Banten,Daop I Jakarta,BPR,Beroperasi
Batulawang,Jawa Barat,Daop II Bandung,BTW,Tidak beroperasi
Baturetno,Jawa Tengah,Daop VI Yogyakarta,BRO,Tidak beroperasi
Batutulis,Jawa Barat,Daop I Jakarta,BTT,Beroperasi
Bayah,Banten,Daop I Jakarta,BAH,Tidak beroperasi
Bayeman,Jawa Timur,Daop IX Jember,BYM,Beroperasi
Bayongbong,Jawa Barat,Daop II Bandung,BYO,Tidak beroperasi
Bedono,Jawa Tengah,Daop IV Semarang,BDN,Beroperasi terbatas
"Bekasi
d.h. Bekassi",Jawa Barat,Daop I Jakarta,BKS,Beroperasi
Bekasi Timur,Jawa Barat,Daop I Jakarta,BKST,Beroperasi
Benculuk,Jawa Timur,Daop IX Jember,BEN,Tidak beroperasi
Bendo (Kediri),Jawa Timur,Daop VII Madiun,BEO,Tidak beroperasi
Bendosendung,Jawa Timur,Daop VII Madiun,BDO,Tidak beroperasi
Benowo,Jawa Timur,Daop VIII Surabaya,BNW,Beroperasi
"Benteng
d.h. Soerabaja-Fort Prins Hendrik",Jawa Timur,Daop VIII Surabaya,BET,Beroperasi
Beran,Jawa Tengah,Daop VI Yogyakarta,BRA,Tidak beroperasi
Blabak,Jawa Tengah,Daop VI Yogyakarta,BAB,Tidak beroperasi
Blimbing (Jombang),Jawa Timur,Daop VII Madiun,BLM,Tidak beroperasi
Blimbing (Malang),Jawa Timur,Daop VIII Surabaya,BMG,Beroperasi
Blitar,Jawa Timur,Daop VII Madiun,BL,Beroperasi
Blondo,Jawa Tengah,Daop VI Yogyakarta,BLD,Tidak beroperasi
Blora,Jawa Tengah,Daop IV Semarang,BLA,Tidak beroperasi
Bluluk,Jawa Timur,Daop VII Madiun,BLK,Tidak beroperasi
"Bojonegoro
d.h. Bodjonegoro NIS",Jawa Timur,Daop VIII Surabaya,BJ,Beroperasi
Bojonegoro Kota,Jawa Timur,Daop VIII Surabaya,BJK,Tidak beroperasi
Bojong (Bandung),Jawa Barat,Daop II Bandung,BJG,Beroperasi
Bojong (Semarang),Jawa Tengah,Daop IV Semarang,-,Tidak Beroperasi
Bojonggede,Jawa Barat,Daop I Jakarta,BJD,Beroperasi
Bojong Indah,DKI Jakarta,Daop I Jakarta,BOI,Beroperasi
"Bogor
d.h. Buitenzorg",Jawa Barat,Daop I Jakarta,BOO,Beroperasi
Boharan,Jawa Timur,Daop VIII Surabaya,BH,Beroperasi
Bondowoso,Jawa Timur,Daop IX Jember,BO,Museum
Bonosare,Jawa Timur,Daop IX Jember,BNS,Tidak beroperasi
Bowerno,Jawa Timur,Daop VIII Surabaya,BWO,Beroperasi
Boyolali,Jawa Tengah,Daop VI Yogyakarta,BI,Tidak beroperasi
Brambanan,Jawa Tengah,Daop VI Yogyakarta,BBN,Beroperasi
Brebes,Jawa Tengah,Daop III Cirebon,BB,Beroperasi
Bringin,Jawa Tengah,Daop IV Semarang,BRI,Tidak beroperasi
Brosot,D.I Yogyakarta,Daop VI Yogyakarta,-,Tidak beroperasi
Brumbung,Jawa Tengah,Daop IV Semarang,BBG,Beroperasi
Buaran,DKI Jakarta,Daop I Jakarta,BUA,Beroperasi
Buduran,Jawa Timur,Daop VIII Surabaya,BDR,Tidak beroperasi
Bulakamba,Jawa Tengah,Daop III Cirebon,BKA,Tidak beroperasi
Bululawang,Jawa Timur,Daop VIII Surabaya,BLL,Tidak beroperasi
Bulumanis,Jawa Tengah,Daop IV Semarang,BIS,Tidak beroperasi
Bumiayu,Jawa Tengah,Daop V Purwokerto,BMA,Beroperasi
"Bumiwaluya
d.h. Malangbong",Jawa Barat,Daop II Bandung,BMW,Beroperasi
Butuh,Jawa Tengah,Daop V Purwokerto,BTH,Beroperasi
Buwek,Jawa Timur,Daop IX Jember,BWK,Tidak beroperasi
Buyaran,Jawa Tengah,Daop IV Semarang,BYA,Tidak beroperasi
C,,,,
Nama stasiun,Provinsi,Daerah operasi/Divisi regional,Singkatan stasiun,Status
Cakung,DKI Jakarta,Daop I Jakarta,CUK,Beroperasi
Campurdarat,Jawa Timur,Daop VII Madiun,CPT,Tidak beroperasi
Candi Umbul,Jawa Tengah,Daop VI Yogyakarta,CAI,Tidak beroperasi
Cangkring,Jawa Barat,Daop III Cirebon,CNK,Beroperasi
Caruban,Jawa Timur,Daop VII Madiun,CRB,Beroperasi
Catang,Banten,Daop I Jakarta,CT,Beroperasi
Cawang,DKI Jakarta,Daop I Jakarta,CW,Beroperasi
Celangap,Jawa Timur,Daop VIII Surabaya,CEA,Tidak beroperasi
"Ceper
d.h. Tjepper",Jawa Tengah,Daop VI Yogyakarta,CE,Beroperasi
"Cepu
d.h. Tjepu NIS",Jawa Tengah,Daop IV Semarang,CU,Beroperasi
"Cepu Kota
d.h. Tjepu SJS",Jawa Tengah,Daop IV Semarang,CEK,Tidak beroperasi
Cerme,Jawa Timur,Daop VIII Surabaya,CME,Beroperasi
Ciamis,Jawa Barat,Daop II Bandung,CI,Beroperasi
Cianjur,Jawa Barat,Daop II Bandung,CJ,Beroperasi
Ciawi,Jawa Barat,Daop II Bandung,CAW,Beroperasi
Cibadak,Jawa Barat,Daop I Jakarta,CBD,Beroperasi
Cibangkong,Jawa Barat,Daop II Bandung,CBK,Tidak beroperasi
Cibangkonglor,Jawa Barat,Daop II Bandung,CBL,Tidak beroperasi
Cibatu,Jawa Barat,Daop II Bandung,CB,Beroperasi
Cibeber,Jawa Barat,Daop II Bandung,CBB,Beroperasi
Cibinong,Jawa Barat,Daop I Jakarta,CBG,Beroperasi
Cibitung,Jawa Barat,Daop I Jakarta,CIT,Beroperasi
Cibungur,Jawa Barat,Daop II Bandung,CBR,Beroperasi
Cicalengka,Jawa Barat,Daop II Bandung,CCL,Beroperasi
Cicayur,Banten,Daop I Jakarta,CC,Beroperasi
Cicurug,Jawa Barat,Daop I Jakarta,CCR,Beroperasi
Cigading,Banten,Daop I Jakarta,CGD,Beroperasi
Ciganea,Jawa Barat,Daop II Bandung,CA,Beroperasi
Cigombong,Jawa Barat,Daop I Jakarta,CGB,Beroperasi
Cijambe,Jawa Barat,Daop I Jakarta,CJE,Tidak beroperasi
Cijulang,Jawa Barat,Daop II Bandung,CIJ,Tidak beroperasi
Cikajang,Jawa Barat,Daop II Bandung,CKG,Tidak beroperasi
Cikadongdong,Jawa Barat,Daop II Bandung,CD,Beroperasi
Cikampek,Jawa Barat,Daop I Jakarta,CKP,Beroperasi
Cikampektrem,Jawa Barat,Daop I Jakarta,CKE,Tidak beroperasi
Cikaum,Jawa Barat,Daop III Cirebon,CKM,Beroperasi
Cikarang,Jawa Barat,Daop I Jakarta,CKR,Beroperasi
Cikawung,Jawa Tengah,Daop V Purwokerto,CKW,Tidak beroperasi
Cikeusal,Banten,Daop I Jakarta,CKL,Beroperasi
Cikini,DKI Jakarta,Daop I Jakarta,CKI,Beroperasi
Cikoya,Banten,Daop I Jakarta,CKY,Beroperasi
Cikudapateuh,Jawa Barat,Daop II Bandung,CTH,Beroperasi
Cilaku,Jawa Barat,Daop II Bandung,CLK,Tidak beroperasi
Cilamaya,Jawa Barat,Daop I Jakarta,CMA,Tidak beroperasi
Cilame,Jawa Barat,Daop II Bandung,CLE,Beroperasi
Cilacap,Jawa Tengah,Daop V Purwokerto,CP,Beroperasi
"Cilacap Pelabuhan
d.h. Tjilatjap-haven",Jawa Tengah,Daop V Purwokerto,CPH,Tidak beroperasi
Cilebut,Jawa Barat,Daop I Jakarta,CLT,Beroperasi
"Ciledug
d.h. Tjiledoek SS",Jawa Barat,Daop III Cirebon,CLD,Beroperasi
"Ciledug SCS
d.h. Tjiledoek SCS",Jawa Barat,Daop III Cirebon,-,Tidak beroperasi
Cilejit,Jawa Barat,Daop I Jakarta,CJT,Beroperasi
Cilegeh,Jawa Barat,Daop III Cirebon,CLH,Beroperasi
Cilegon,Banten,Daop I Jakarta,CLG,Beroperasi
Cilongkrang,Jawa Tengah,Daop V Purwokerto,CAG,Tidak beroperasi
Cimahi,Jawa Barat,Daop II Bandung,CMI,Beroperasi
Cimekar,Jawa Barat,Daop II Bandung,CMK,Beroperasi
Cimindi,Jawa Barat,Daop II Bandung,CMD,Beroperasi
Ciomas,Jawa Barat,Daop I Jakarta,CS,Reaktivikasi
Cipari,Jawa Tengah,Daop V Purwokerto,CPI,Beroperasi
Cipatat,Jawa Barat,Daop II Bandung,CPT,Beroperasi
Cipedang,Jawa Barat,Daop III Cirebon,CPA,Tidak beroperasi
Cipeuyeum,Jawa Barat,Daop II Bandung,CPY,Beroperasi
Cipeundeuy,Jawa Barat,Daop II Bandung,CPD,Beroperasi
Cipinang,DKI Jakarta,Daop I Jakarta,CPN,Tidak beroperasi
Cipunegara,Jawa Barat,Daop III Cirebon,CRA,Beroperasi
Ciputrapinggan,Jawa Barat,Daop II Bandung,CPP,Tidak beroperasi
"Cirahayu
d.h. Trowek",Jawa Barat,Daop II Bandung,CAA,Beroperasi
Ciranjang,Jawa Barat,Daop II Bandung,CRJ,Beroperasi
"Cirebon
d.h. Cheribon SS",Jawa Barat,Daop III Cirebon,CN,Beroperasi
"Cirebon Pelabuhan
d.h. Cheribon-Boom",Jawa Barat,Daop III Cirebon,CNH,Tidak beroperasi
"Cirebon Prujakan
d.h. Cheribon SCS",Jawa Barat,Daop III Cirebon,CNP,Beroperasi
Cireungas,Jawa Barat,Daop II Bandung,CRG,Beroperasi
Ciroyom,Jawa Barat,Daop II Bandung,CIR,Beroperasi
Cisaat,Jawa Barat,Daop I Jakarta,CSA,Beroperasi
Cisauk,Banten,Daop I Jakarta,CSK,Beroperasi
Cisomang,Jawa Barat,Daop II Bandung,CG,Tidak beroperasi
Cisondari,Jawa Barat,Daop II Bandung,CSD,Tidak beroperasi
Cisurupan,Jawa Barat,Daop II Bandung,CSN,Tidak beroperasi
Citayam,Jawa Barat,Daop I Jakarta,CTA,Beroperasi
Citeras,Banten,Daop I Jakarta,CTR,Beroperasi
Ciwidey,Jawa Barat,Daop II Bandung,CWD,Tidak beroperasi
Comal,Jawa Tengah,Daop IV Semarang,CO,Beroperasi
Cukir,Jawa Timur,Daop VII Madiun,CK,Tidak beroperasi
Curahmalang,Jawa Timur,Daop VII Madiun,CRM,Beroperasi
D,,,,
Nama stasiun,Provinsi,Daerah Operasi/Divisi Regional,Singkatan stasiun,Kondisi
Dadapan,Jawa Timur,Daop IX Jember,DPA,Tidak beroperasi
Dampit,Jawa Timur,Daop VIII Surabaya,DPT,Tidak beroperasi
Dangeyan,Jawa Tengah,Daop VI Yogyakarta,DNY,Tidak beroperasi
Daru,Banten,Daop I Jakarta,DAR,Beroperasi
Dawuan,Jawa Barat,Daop I Jakarta,DWN,Beroperasi
Dayeuhkolot,Jawa Barat,Daop II Bandung,DYK,Tidak beroperasi
"Delanggu
d.h. Delangoe",Jawa Tengah,Daop VI Yogyakarta,DL,Beroperasi
Delok,Jawa Tengah,Daop IV Semarang,DEK,Tidak beroperasi
Demak,Jawa Tengah,Daop IV Semarang,DM,Tidak beroperasi
Depok,Jawa Barat,Daop I Jakarta,DP,Beroperasi
Depok Baru,Jawa Barat,Daop I Jakarta,DPB,Beroperasi
Dolopo,Jawa Timur,Daop VIII Madiun,DLO,Tidak beroperasi
Dongkelan,D.I Yogyakarta,Daop VI Yogyakarta,DKN,Tidak beroperasi
Doplang,Jawa Tengah,Daop IV Semarang,DPL,Beroperasi
Dringu,Jawa Timur,Daop IX Jember,DRI,Tidak beroperasi
Duduk,Jawa Timur,Daop VIII Surabaya,DD,Beroperasi
Duren Kalibata,DKI Jakarta,Daop I Jakarta,DRN,Beroperasi
Dringu,Jawa Timur,Daop IX Jember,DRI,Tidak beroperasi
Duri,DKI Jakarta,Daop I Jakarta,DU,Beroperasi
G,,,,
Nama stasiun,Provinsi,Daerah Operasi/Divisi Regional,Singkatan stasiun,Kondisi
"Gambir
d.h. Weltevreden, Batavia-koningsplein",DKI Jakarta,Daop I Jakarta,GMR,Beroperasi
Gambringan,Jawa Tengah,Daop IV Semarang,GBN,Beroperasi
Gandasoli,Jawa Barat,Daop II Bandung,GDS,Beroperasi
Gandrungmangu,Jawa Tengah,Daop V Purwokerto,GDM,Beroperasi
Gandulekor,Jawa Tengah,Daop V Purwokerto,GDK,Tidak beroperasi
Gang Sentiong,DKI Jakarta,Daop I Jakarta,GST,Beroperasi
Garahan,Jawa Timur,Daop IX Jember,GN,Beroperasi
Garum,Jawa Timur,Daop VII Madiun,GRM,Beroperasi
Garut,Jawa Barat,Daop II Bandung,GRT,Beroperasi
Gawok,Jawa Tengah,Daop VI Yogyakarta,GW,Beroperasi
Gebang (Blitar),Jawa Timur,Daop VII Madiun,GEL,Tidak beroperasi
Gedangan (ke Gd),Jawa Tengah,Daop IV Semarang,GN,Tidak beroperasi
Gedangan (ke Sd),Jawa Timur,Daop VIII Surabaya,GDG,Beroperasi
Gedebage,Jawa Barat,Daop II Bandung,GDB,Beroperasi
Gemawang,Jawa Tengah,Daop IV Semarang,GWG,Tidak beroperasi
Gembong,Jawa Timur,Daop VIII Surabaya,GEB,Beroperasi
Gembongan,Jawa Tengah,Daop VI Yogyakarta,GMG,Tidak beroperasi
Gemekan,Jawa Timur,Daop VIII Surabaya,GMK,Tidak beroperasi
Gempol,Jawa Timur,Daop VIII Surabaya,GEM,Tidak beroperasi
Gempolkerep,Jawa Timur,Daop VIII Surabaya,GKP,Tidak beroperasi
Geneng,Jawa Timur,Daop VII Madiun,GG,Beroperasi
Genuk,Jawa Tengah,Daop IV Semarang,GNK,Tidak beroperasi
Gending,Jawa Timur,Daop IX Jember,GNI,Tidak beroperasi
Glenmore,Jawa Timur,Daop IX Jember,GLM,Beroperasi
Godong,Jawa Tengah,Daop IV Semarang,GOG,Tidak beroperasi
Gogodalem,Jawa Tengah,Daop IV Semarang,GGD,Tidak beroperasi
Gombong,Jawa Tengah,Daop V Purwokerto,GB,Beroperasi
Gondangdia,DKI Jakarta,Daop I Jakarta,GDD,Beroperasi
Gondanglegi,Jawa Timur,Daop VIII Surabaya,GDL,Tidak beroperasi
Goprak,Jawa Tengah,Daop VI Yogyakarta,GPK,Beroperasi
Grabag Merbabu,Jawa Tengah,Daop VI Yogyakarta,GMB,Tidak beroperasi
Grati,Jawa Timur,Daop IX Jember,GI,Beroperasi
"Gresik
d.h. Grisee",Jawa Timur,Daop VIII Surabaya,GS,Tidak beroperasi
Grobogan,Jawa Timur,Daop IX Jember,GBG,Tidak beroperasi
Grogol,DKI Jakarta,Daop I Jakarta,GG,Beroperasi
Grompol,Jawa Tengah,Daop VI Yogyakarta,GP,Tidak beroperasi
Grujugan,Jawa Timur,Daop IX Jember,GRJ,Tidak beroperasi
Gubug,Jawa Tengah,Daop IV Semarang,GUB,Beroperasi
Gumilir,Jawa Tengah,Daop V Purwokerto,GM,Beroperasi
Gumukmas,Jawa Timur,Daop IX Jember,GMM,Tidak beroperasi
Gundih,Jawa Tengah,Daop IV Semarang,GD,Beroperasi
Gununggangsir,Jawa Timur,Daop VIII Surabaya,GNG,Tidak beroperasi
Gunungputri,Jawa Barat,Daop I Jakarta,GPI,Tidak beroperasi
Gurah,Jawa Timur,Daop VII Madiun,GU,Tidak beroperasi
H,,,,
Nama stasiun,Provinsi,Daerah Operasi/Divisi Regional,Singkatan stasiun,Kondisi
Haurgeulis,Jawa Barat,Daop III Cirebon,HGL,Beroperasi
Haurpugur,Jawa Barat,Daop II Bandung,HRP,Beroperasi
I,,,,
Nama stasiun,Provinsi,Daerah Operasi/Divisi Regional,Singkatan stasiun,Kondisi
Ijo,Jawa Tengah,Daop V Purwokerto,IJ,Beroperasi
Indihiang,Jawa Barat,Daop II Bandung,IH,Beroperasi
Indramayu,Jawa Barat,Daop III Cirebon,IM,Tidak beroperasi
Indro,Jawa Timur,Daop VIII Surabaya,IDO,Beroperasi
J,,,,
Nama stasiun,Provinsi,Daerah Operasi/Divisi Regional,Singkatan stasiun,Kondisi
Jakarta Gudang,DKI Jakarta,Daop I Jakarta,JAKG,Beroperasi
"Jakarta Kota
d.h. Batavia-Benedenstad, Djakarta",DKI Jakarta,Daop I Jakarta,JAKK,Beroperasi
Jambean,Jawa Tengah,Daop IV Semarang,JBE,Tidak beroperasi
Jamblang,Jawa Barat,Daop III Cirebon,JBG,Tidak beroperasi
Jambon,Jawa Tengah,Daop IV Semarang,JBN,Beroperasi
Jambu,Jawa Tengah,Daop IV Semarang,JMB,Beroperasi terbatas
Jambu Baru,Banten,Daop I Jakarta,JBU,Beroperasi
Japanan,Jawa Timur,Daop VIII Surabaya,JPN,Tidak beroperasi
Japonan,Jawa Tengah,Daop VI Yogyakarta,JAP,Tidak beroperasi
Jati,Jawa Timur,Daop IX Jember,JI,Tidak beroperasi
Jatibarang,Jawa Barat,Daop III Cirebon,JTB,Beroperasi
"Jatinegara
d.h. Meester Cornelis SS",DKI Jakarta,Daop I Jakarta,JNG,Beroperasi
Jatirogo,Jawa Timur,Daop VIII Surabaya,JTG,Tidak beroperasi
Jatiroto,Jawa Timur,Daop IX Jember,JTR,Beroperasi
Jatiwangi,Jawa Barat,Daop III Cirebon,JWG,Tidak beroperasi
Jayakarta,DKI Jakarta,Daop I Jakarta,JAY,Beroperasi
Jember,Jawa Timur,Daop IX Jember,JR,Beroperasi
Jemursari,Jawa Timur,Daop VIII Surabaya,JMS[a],Tidak beroperasi
Jenar,Jawa Tengah,Daop VI Yogyakarta,JN,Beroperasi
Jepon,Jawa Tengah,Daop IV Semarang,JON,Tidak beroperasi
Jerakah,Jawa Tengah,Daop IV Semarang,JRK,Beroperasi
Jeruklegi,Jawa Tengah,Daop V Purwokerto,JRL,Beroperasi
Jetis (Grobogan),Jawa Tengah,Daop IV Semarang,JIS,Tidak beroperasi
Jetis (Ponorogo),Jawa Timur,Daop VII Madiun,JS,Tidak beroperasi
Jombang,Jawa Timur,Daop VII Madiun,JG,Beroperasi
Jombang Kota,Jawa Timur,Daop VII Madiun,JGK,Tidak beroperasi
Jombang KSM,Jawa Timur,Daop VII Madiun,-,Tidak beroperasi
Jorongan,Jawa Timur,Daop IX Jember,JOR,Tidak beroperasi
"Juana/Juwana
d.h. Joana",Jawa Tengah,Daop IV Semarang,JU,Tidak beroperasi
"Juanda
d.h. Noordwijk",DKI Jakarta,Daop I Jakarta,JUA,Beroperasi
Jurangmangu,Banten,Daop I Jakarta,JMG,Beroperasi
"Jurnatan
d.h. Semarang-Central, Semarang SJS",Jawa Tengah,Daop IV Semarang,-,Tidak beroperasi
K,,,,
Nama stasiun,Provinsi,Daerah Operasi/Divisi Regional,Singkatan stasiun,Kondisi
Kabat,Jawa Timur,Daop IX Jember,KBT,Tidak beroperasi
Kadipaten,Jawa Barat,Daop III Cirebon,KAD,Tidak beroperasi
Kadipiro,Jawa Tengah,Daop VI Yogyakarta,KDO,Beroperasi
Kedokangabus,Jawa Barat,Daop III Cirebon,KAB,Beroperasi
Kadukacang,Banten,Daop I Jakarta,KDK,Tidak beroperasi
Kadungdung,Jawa Timur,Daop VIII Surabaya,KDU,Tidak beroperasi
Kalasan,D.I Yogyakarta,Daop VI Yogyakarta,KLS,Tidak beroperasi
Kalianget,Jawa Timur,Daop VIII Surabaya,KLG,Tidak beroperasi
Kalibagor,Jawa Timur,Daop IX Jember,KLB,Tidak beroperasi
Kalibaru,Jawa Timur,Daop IX Jember,KBR,Beroperasi
Kalibodri,Jawa Tengah,Daop IV Semarang,KBD,Beroperasi
Kaliboto,Jawa Timur,Daop IX Jember,KLO,Tidak beroperasi
Kalideres,DKI Jakarta,Daop I Jakarta,KDS,Beroperasi
Kalimas,Jawa Timur,Daop VIII Surabaya,KLM,Beroperasi
Kalimenur,Jawa Tengah,Daop VI Yogyakarta,KLR,Tidak beroperasi
"Kalioso
d.h. Kali-Osso",Jawa Tengah,Daop VI Yogyakarta,KO,Beroperasi
Kalipucang,Jawa Barat,Daop II Bandung,KLC,Tidak beroperasi
Kalisamin,Jawa Tengah,Daop VI Yogyakarta,KIM,Tidak beroperasi
Kalisat,Jawa Timur,Daop IX Jember,KLT,Beroperasi
Kalisetail,Jawa Timur,Daop IX Jember,KLS,Beroperasi
Kalitidu,Jawa Timur,Daop VIII Surabaya,KIT,Beroperasi
Kaliwedi,Jawa Barat,Daop III Cirebon,KLW,Tidak beroperasi
Kaliwungu,Jawa Tengah,Daop IV Semarang,KLN,Beroperasi
Kamal,Jawa Timur,Daop VIII Surabaya,KML,Tidak beroperasi
Kamalpier,Jawa Timur,Daop VIII Surabaya,KMLP,Tidak beroperasi
Kambangan,Jawa Timur,Daop VII Madiun,KBG,Tidak beroperasi
Kamojan,Jawa Barat,Daop II Bandung,KMJ,Tidak beroperasi
Kampung Bandan,DKI Jakarta,Daop I Jakarta,KPB,Beroperasi
Kandangan (Surabaya),Jawa Timur,Daop VIII Surabaya,KDA,Beroperasi
Kandangan (Kediri),Jawa Timur,Daop VII Madiun,-,Tidak beroperasi
Kanigoro,Jawa Timur,Daop VII Madiun,KNO,Tidak beroperasi
Kapas,Jawa Timur,Daop VIII Surabaya,KPS,Beroperasi
Kapuan,Jawa Tengah,Daop IV Semarang,KPA,Beroperasi
Karangampel,Jawa Barat,Daop III Cirebon,KRP,Tidak beroperasi
Karanganyar,Jawa Tengah,Daop V Purwokerto,KA,Beroperasi
Karangantu,Banten,Daop I Jakarta,KRA,Beroperasi
Karangjati,Jawa Tengah,Daop IV Semarang,KGT,Beroperasi
Karanggandul,Jawa Tengah,Daop V Purwokerto,KGD,Beroperasi
Karangkandri,Jawa Tengah,Daop V Purwokerto,KKD,Beroperasi
Karangkretek,Jawa Barat,Daop II Bandung,KRK,Tidak beroperasi
"Karangpilang
d.h. Sepandjang OJS",Jawa Timur,Daop VIII Surabaya,KAP,Tidak beroperasi
Karangpucung,Jawa Barat,Daop II Bandun,KNP,Beroperasi
"Karangsari (ke Bd)
d.h. Gandamirah",Jawa Barat,Daop II Bandun,KRAI,Beroperasi
Karangsari (ke Pwt),Jawa Tengah,Daop V Purwokerto,KRR,Beroperasi
Karangsono,Jawa Tengah,Daop IV Semarang,KSO,Beroperasi
Karangsuwung,Jawa Barat,Daop III Cirebon,KRW,Tidak beroperasi
Karangtalun Lama,Jawa Tengah,Daop V Purwokerto,KUN[b],Tidak beroperasi
Karangtalun,Jawa Tengah,Daop V Purwokerto,KRL,Beroperasi
Karang Tengah,Jawa Barat,Daop I Jakarta,KE,Beroperasi
"Karawang
d.h. Krawang",Jawa Barat,Daop I Jakarta,KW,Beroperasi
"Karawangtrem
d.h.Krawangtrem",Jawa Barat,Daop I Jakarta,KWTR,Tidak beroperasi
Karet,DKI Jakarta,Daop I Jakarta,KAT,Beroperasi
Kartasura,Jawa Tengah,Daop VI Yogyakarta,KSR,Tidak beroperasi
Kasiyamlor,Jawa Timur,Daop IX Jember,KYM,Tidak beroperasi
Kasugihan,Jawa Tengah,Daop V Purwokerto,KH,Beroperasi
Kawarasan,Jawa Timur,Daop VII Madiun,KWS,Tidak beroperasi
Kawunganten,Jawa Tengah,Daop V Purwokerto,KWG,Beroperasi
Kebayoran,DKI Jakarta,Daop I Jakarta,KBY,Beroperasi
Kebasen,Jawa Tengah,Daop V Purwokerto,KBS,Beroperasi
Kebonagung,Jawa Timur,Daop VIII Surabaya,KBA,Tidak beroperasi
Kebonromo,Jawa Tengah,Daop VI Yogyakarta,KRO,Beroperasi
Kebumen,Jawa Tengah,Daop V Purwokerto,KM,Beroperasi
Kedinding,Jawa Timur,Daop VIII Surabaya,KDN,Beroperasi
Kediri,Jawa Timur,Daop VII Madiun,KD,Beroperasi
Kedu,Jawa Tengah,Daop VI Yogyakarta,KEU,Tidak beroperasi
Kedundang,Jawa Tengah,Daop VI Yogyakarta,KDG,Beroperasi
Kedungbanteng,Jawa Tengah,Daop VI Yogyakarta,KDB,Beroperasi
"Kedungjati
d.h. Kedoeng-Djattie",Jawa Tengah,Daop IV Semarang,KEJ,Beroperasi
Kedunggalar,Jawa Timur,Daop VII Madiun,KG,Beroperasi
Kedunggedeh,Jawa Barat,Daop I Jakarta,KDH,Beroperasi
Kedungpring,Jawa Timur,Daop VII Madiun,KEI,Tidak beroperasi
Kedungwuni,Jawa Tengah,Daop IV Semarang,KDW,Tidak beroperasi
Kemayoran,DKI Jakarta,Daop I Jakarta,KMO,Beroperasi
"Kemijen
d.h. Kemidjen SJS",Jawa Tengah,Daop IV Semarang,KME,Tidak beroperasi
Kemiri,Jawa Tengah,Daop VI Yogyakarta,KMR,Beroperasi
Kemranjen,Jawa Tengah,Daop V Purwokerto,KJ,Beroperasi
Kempit,Jawa Timur,Daop IX Jember,KMP,Tidak beroperasi
Kendal,Jawa Tengah,Daop IV Semarang,KL,Tidak beroperasi
Kendalpayak,Jawa Timur,Daop VIII Surabaya,KDY,Tidak beroperasi
Kencong,Jawa Timur,Daop IX Jember,KNC,Tidak beroperasi
Kepanjen,Jawa Timur,Daop VIII Surabaya,KPN,Beroperasi
Kepet,Jawa Timur,Daop VIII Surabaya,KEP,Tidak beroperasi
Kepuh,Jawa Tengah,Daop VI Yogyakarta,KEH,Tidak beroperasi
Kertasemaya,Jawa Barat,Daop III Cirebon,KTM,Beroperasi
Kertomenanggal,Jawa Timur,Daop VIII Surabaya,KOM,Tidak beroperasi
Kertosono,Jawa Timur,Daop VII Madiun,KTS,Beroperasi
Kesamben,Jawa Timur,Daop VIII Surabaya,KSB,Beroperasi
Ketandan,Jawa Tengah,Daop VI Yogyakarta,KTD,Tidak beroperasi
Ketanggungan,Jawa Tengah,Daop III Cirebon,KGG,Beroperasi
"Ketanggungan Barat
d.h. Ketanggoengan-West",Jawa Tengah,Daop III Cirebon,KGB,Tidak beroperasi
"Ketapang (Banyuwangi)
d.h. Banyuwangi Baru",Jawa Timur,Daop IX Jember,KTG,Beroperasi
Kiaracondong,Jawa Barat,Daop II Bandung,KAC,Beroperasi
Klakah,Jawa Timur,Daop IX Jember,KK,Beroperasi
Klari,Jawa Barat,Daop I Jakarta,KLI,Beroperasi
"Klaten
d.h. Klaten",Jawa Tengah,Daop VI Yogyakarta,KT,Beroperasi
Klender,DKI Jakarta,Daop I Jakarta,KLD,Beroperasi
Klender Baru,DKI Jakarta,Daop I Jakarta,KLDB,Beroperasi
Klotok,Jawa Timur,Daop VIII Surabaya,KOK,Tidak beroperasi
Kosambi,Jawa Barat,Daop I Jakarta,KOS,Beroperasi
Kotapadang,Bengkulu,Divre III Palembang,KOP,Beroperasi
Kotok,Jawa Timur,Daop IX Jember,KTK,Beroperasi
Kradenan,Jawa Tengah,Daop IV Semarang,KNN,Beroperasi
Kraksaan,Jawa Timur,Daop IX Jember,KR,Tidak beroperasi
Kramat,DKI Jakarta,Daop I Jakarta,KMT,Beroperasi
Kranggan,Jawa Tengah,Daop VI Yogyakarta,KEU,Tidak beroperasi
Kranji,Jawa Barat,Daop I Jakarta,KRI,Beroperasi
Kras,Jawa Timur,Daop VII Madiun,KRS,Beroperasi
Kraton,Jawa Timur,Daop IX Jember,KN,Tidak beroperasi
Krebet,Jawa Timur,Daop VIII Surabaya,KEE,Tidak beroperasi
Krengseng,Jawa Tengah,Daop IV Semarang,KNS,Beroperasi
Krenceng,Banten,Daop I Jakarta,KEN,Beroperasi
Kretek,Jawa Tengah,Daop V Purwokerto,KRT,Beroperasi
Krian,Jawa Timur,Daop VIII Surabaya,KRN,Beroperasi
Krikilan,Jawa Timur,Daop IX Jember,KKL,Beroperasi
Kronelan,Jawa Tengah,Daop VI Yogyakarta,KNL,Tidak beroperasi
Kroya,Jawa Tengah,Daop V Purwokerto,KYA,Beroperasi
Kudaile,Jawa Tengah,Daop V Purwokerto,KDE,Tidak beroperasi
Kudus,Jawa Tengah,Daop IV Semarang,KS,Tidak beroperasi
"Kumendung
d.h. Koemendoeng SS",Jawa Timur,Daop VIII Surabaya,KMG,Tidak beroperasi
Kunduran,Jawa Tengah,Daop IV Semarang,KDR,Tidak beroperasi
Kuripan,Jawa Tengah,Daop IV Semarang,KRP,Beroperasi
Kutoarjo,Jawa Tengah,Daop V Purwokerto,KTA,Beroperasi
Kutowinangun,Jawa Tengah,Daop V Purwokerto,KWN,Beroperasi
Kutu,D.I Yogyakarta,Daop VI Yogyakarta,KTU,Tidak beroperasi
Kuwu,Jawa Tengah,Daop IV Semarang,KU,Tidak beroperasi
Kwangen,Jawa Timur,Daop VIII Surabaya,KWA,Tidak beroperasi
Kwanyar,Jawa Timur,Daop VIII Surabaya,KWR,Tidak beroperasi
L,,,,
Nama stasiun,Provinsi,Daerah Operasi/Divisi Regional,Singkatan stasiun,Kondisi
Labang,Jawa Timur,Daop VIII Surabaya,LAB,Tidak beroperasi
Labruk,Jawa Timur,Daop IX Jember,LBK,Tidak beroperasi
Labuan (Pandeglang),Banten,Daop I Jakarta,LBN,Tidak beroperasi
Lamongan,Jawa Timur,Daop VIII Surabaya,LMG,Beroperasi
Lampegan,Jawa Barat,Daop II Bandung,LP,Beroperasi
Langen,Jawa Barat,Daop V Purwokerto,LN,Beroperasi
Larangan (ke Smt),Jawa Tengah,Daop IV Semarang,LR,Beroperasi
Larangan (ke Pwt),Jawa Tengah,Daop III Cirebon,LRA,Beroperasi
Lasem,Jawa Tengah,Daop IV Semarang,LS,Tidak beroperasi
Lawang,Jawa Timur,Daop VIII Surabaya,LW,Beroperasi
Lebakjero,Jawa Barat,Daop II Bandung,LBJ,Beroperasi
Lebeng,Jawa Tengah,Daop V Purwokerto,LBG,Beroperasi
Leces,Jawa Timur,Daop IX Jember,LEC,Beroperasi
Ledokombo,Jawa Timur,Daop IX Jember,LDO,Beroperasi
Legok,Jawa Tengah,Daop V Purwokerto,LGK,Tidak beroperasi
Leles,Jawa Barat,Daop II Bandung,LL,Beroperasi
Lemahabang,Jawa Barat,Daop I Jakarta,LMB,Beroperasi
"Lempuyangan
d.h. Djocja Lempoejangan",D.I Yogyakarta,Daop VI Yogyakarta,LPN,Beroperasi
Lenteng Agung,DKI Jakarta,Daop I Jakarta,LNA,Beroperasi
Lespadangan,Jawa Timur,Daop VIII Surabaya,LES,Tidak beroperasi
Leuwigoong,Jawa Barat,Daop II Bandung,LO,Beroperasi
Linggapura,Jawa Tengah,Daop V Purwokerto,LG,Beroperasi
Lobener,Jawa Barat,Daop III Cirebon,LB,Tidak beroperasi
Losari,Jawa Barat,Daop III Cirebon,LOS,Beroperasi
Lumajang,Jawa Timur,Daop IX Jember,LM,Tidak beroperasi
Luwung,Jawa Barat,Daop III Cirebon,LWG,Tidak beroperasi
M,,,,
Nama stasiun,Provinsi,Daerah Operasi/Divisi Regional,Singkatan stasiun,Kondisi
Madiun,Jawa Timur,Daop VII Madiun,MN,Beroperasi
Madiun Pasar,Jawa Timur,Daop VII Madiun,MNP,Tidak beroperasi
Magelang Kota,Jawa Tengah,Daop VI Yogyakarta,MG,Tidak beroperasi
Magelang Pasar,Jawa Tengah,Daop VI Yogyakarta,MGP,Tidak beroperasi
"Magetan
d.h. Barat",Jawa Timur,Daop VII Madiun,MAG,Beroperasi
Maguwo,D.I Yogyakarta,Daop VI Yogyakarta,MGW,Beroperasi
Maja,Banten,Daop I Jakarta,MJ,Beroperasi
Majalaya,Jawa Barat,Daop II Bandung,MJA,Tidak beroperasi
Malang,Jawa Timur,Daop VIII Surabaya,ML,Beroperasi
Malang Jagalan,Jawa Timur,Daop VIII Surabaya,MLJ,Tidak beroperasi
Malang Kotalama,Jawa Timur,Daop VIII Surabaya,MLK,Beroperasi
Malasan,Jawa Timur,Daop IX Jember,MLS,Beroperasi
Maleber,Jawa Barat,Daop II Bandung,MLB,Tidak beroperasi
Malingping,Banten,Daop I Jakarta,MLP,Tidak beroperasi
Mampang,DKI Jakarta,Daop I Jakarta,MPG,Tidak beroperasi
Mandiraja,Jawa Tengah,Daop V Purwokerto,MRJ,Tidak beroperasi
Manggarai,DKI Jakarta,Daop I Jakarta,MRI,Beroperasi
Mangga Besar,DKI Jakarta,Daop I Jakarta,MGB,Beroperasi
Mangkang,Jawa Tengah,Daop IV Semarang,MKG,Beroperasi
Mangli,Jawa Timur,Daop IX Jember,MI,Beroperasi
Manonjaya,Jawa Barat,Daop II Bandung,MNJ,Beroperasi
Mantingan,Jawa Tengah,Daop IV Semarang,MNT,Tidak beroperasi
Maos,Jawa Tengah,Daop V Purwokerto,MA,Beroperasi
Margasari,Jawa Tengah,Daop V Purwokerto,MA,Tidak beroperasi
Margorejo,Jawa Timur,Daop VIII Surabaya,MGJ,Tidak beroperasi
Masaran,Jawa Tengah,Daop VI Yogyakarta,MSR,Beroperasi
Maseng,Jawa Barat,Daop I Jakarta,MSG,Beroperasi
Maswati,Jawa Barat,Daop II Bandung,MSI,Beroperasi
Matraman,DKI Jakarta,Daop I Jakarta,MTR,Beroperasi
Mayong,Jawa Tengah,Daop IV Semarang,MY,Tidak beroperasi
Medari,Jawa Tengah,Daop VI Yogyakarta,MDI,Tidak beroperasi
Meluwung,Jawa Tengah,Daop V Purwokerto,MLW,Beroperasi
Menes,Banten,Daop I Jakarta,MNS,Tidak beroperasi
Merak,Banten,Daop I Jakarta,MER,Beroperasi
"Merakurak
d.h. Merak-Oerak",Jawa Timur,Daop VIII Surabaya,MKR,Tidak beroperasi
Mesigit,Jawa Timur,Daop VIII Surabaya,MST,Beroperasi
Mertoyudan,Jawa Tengah,Daop VI Yogyakarta,MTY,Tidak beroperasi
Minggiran,Jawa Timur,Daop VII Madiun,MGN,Beroperasi
Mlilir,Jawa Timur,Daop VII Madiun,MIL,Tidak beroperasi
Mlati,D.I Yogyakarta,Daop VI Yogyakarta,MLI[c],Tidak beroperasi
Mojoagung,Jawa Timur,Daop VIII Surabaya,MOJ,Tidak beroperasi
"Mojokerto
d.h. Modjokerto SS",Jawa Timur,Daop VIII Surabaya,MR,Beroperasi
"Mojokerto Kota
d.h. Modjokerto OJS",Jawa Timur,Daop VIII Surabaya,MKT,Tidak beroperasi
Mojosari,Jawa Timur,Daop VIII Surabaya,MJS,Tidak beroperasi
Mojosongo,Jawa Tengah,Daop VI Yogyakarta,MOS,Tidak beroperasi
Monggot,Jawa Tengah,Daop VI Yogyakarta,MGT,Tidak beroperasi
Montelan,Jawa Tengah,Daop VI Yogyakarta,MTL,Tidak beroperasi
Mrawan,Jawa Timur,Daop IX Jember,MRW,Beroperasi
Mujur,Jawa Timur,Daop IX Jember,MJR,Tidak beroperasi
Muntilan,Jawa Tengah,Daop VI Yogyakarta,MTN,Tidak beroperasi
N,,,,
Nama stasiun,Provinsi,Daerah Operasi/Divisi Regional,Singkatan stasiun,Kondisi
Nagreg,Jawa Barat,Daop II Bandung,NG,Beroperasi
Nangkaan,Jawa Timur,Daop IX Jember,NKN,Tidak beroperasi
Nambo,Jawa Barat,Daop I Jakarta,NMO,Beroperasi
Ngabean,D.I Yogyakarta,Daop VI Yogyakarta,NBN,Tidak beroperasi
Ngadiluwih,Jawa Timur,Daop VII Madiun,NDL,Beroperasi
Ngagel,Jawa Timur,Daop VIII Surabaya,NGL,Tidak beroperasi
Ngaloran,Jawa Tengah,Daop IV Semarang,NLR,Tidak beroperasi
Nganjuk,Jawa Timur,Daop VII Madiun,NJ,Beroperasi
Ngawen,Jawa Tengah,Daop IV Semarang,NA,Tidak beroperasi
"Ngawi
d.h. Paron",Jawa Timur,Daop VII Madiun,NGW,Beroperasi
Ngebruk,Jawa Timur,Daop VIII Surabaya,NB,Beroperasi
Ngemplak,Jawa Tengah,Daop IV Semarang,NPK,Tidak beroperasi
Ngimbang,Jawa Timur,Daop VII Madiun,NBG,Tidak beroperasi
Ngrombo,Jawa Tengah,Daop IV Semarang,NBO,Beroperasi
Ngoro KSM,Jawa Timur,Daop VII Madiun,NGR,Tidak beroperasi
Ngoro OJS,Jawa Timur,Daop VIII Surabaya,NRO,Tidak beroperasi
Ngujang,Jawa Timur,Daop VII Madiun,NJG,Beroperasi
Nguling,Jawa Timur,Daop IX Jember,NL,Tidak beroperasi
Ngunut,Jawa Timur,Daop VII Madiun,NT,Beroperasi
Nguntoronadi,Jawa Tengah,Daop VI Yogyakarta,NTN,Tidak beroperasi
Notog,Jawa Tengah,Daop V Purwokerto,NTG,Beroperasi
P,,,,
Nama stasiun,Provinsi,Daerah Operasi/Divisi Regional,Singkatan stasiun,Kondisi
Pabuaran,Jawa Barat,Daop III Cirebon,PAB,Beroperasi
Padaherang,Jawa Barat,Daop II Bandung,PAH,Tidak beroperasi
Padalarang,Jawa Barat,Daop II Bandung,PDL,Beroperasi
Padangan,Jawa Timur,Daop IV Semarang,PGN,Tidak beroperasi
Padas,Jawa Tengah,Daop IV Semarang,PDS,Beroperasi
Padayungan,Jawa Barat,Daop II Bandung,PDY,Tidak beroperasi
Pagerwojo,Jawa Timur,Daop VIII Surabaya,PWJ[d],Tidak beroperasi
Pagongan,Jawa Tengah,Daop V Purwokerto,PNG,Tidak beroperasi
Pagotan,Jawa Timur,Daop VII Madiun,PGO,Tidak beroperasi
"Paiton
d.h. Phaiton",Jawa Timur,Daop IX Jember,PHT,Tidak beroperasi
Pajarakan,Jawa Timur,Daop IX Jember,PJK,Tidak beroperasi
Pakisaji,Jawa Timur,Daop VIII Surabaya,PSI,Beroperasi
"Palang
d.h. Pesantren",Jawa Timur,Daop VIII Surabaya,PAG,Tidak beroperasi
"Palbapang
d.h. Paal-Bapang",D.I Yogyakarta,Daop VI Yogyakarta,PLP,Tidak beroperasi
"Palmerah
d.h. Paal-Merah",DKI Jakarta,Daop I Jakarta,PLM,Beroperasi
Palur,Jawa Tengah,Daop VI Yogyakarta,PL,Beroperasi
Pamekasan,Jawa Timur,Daop VIII Surabaya,PM,Tidak beroperasi
Pamotan,Jawa Tengah,Daop IV Semarang,PMT,Tidak beroperasi
Panarukan,Jawa Timur,Daop IX Jember,PNR,Tidak beroperasi
"Panarukan Pelabuhan
d.h. Panaroekan-Boom",Jawa Timur,Daop IX Jember,PNRH,Tidak beroperasi
Pandaan,Jawa Timur,Daop VIII Surabaya,PDA,Tidak beroperasi
Pandeglang,Banten,Daop I Jakarta,PDG,Tidak beroperasi
Pangandaran,Jawa Barat,Daop II Bandung,PND,Tidak beroperasi
Panji,Jawa Timur,Daop IX Jember,PJI,Tidak beroperasi
Panunggalan,Jawa Tengah,Daop IV Semarang,PNL,Beroperasi
"Panyuran
d.h. Perambatan",Jawa Timur,Daop VIII Surabaya,PYR,Tidak beroperasi
Papar,Jawa Timur,Daop VII Madiun,PPR,Beroperasi
Parakan,Jawa Tengah,Daop VI Yogyakarta,PRN,Tidak beroperasi
"Pare
d.h. Paree",Jawa Timur,Daop VII Madiun,PE,Tidak beroperasi
Parigi,Jawa Barat,Daop II Bandung,PAR,Tidak beroperasi
Parung Kuda,Jawa Barat,Daop I Jakarta,PRK,Beroperasi
Parung Panjang,Jawa Barat,Daop I Jakarta,PRP,Beroperasi
"Pasar Bantul
d.h. Pasar-Bantool",D.I Yogyakarta,Daop VI Yogyakarta,PBL,Tidak beroperasi
Pasargede,D.I Yogyakarta,Daop VI Yogyakarta,PAD,Tidak beroperasi
Pasarkliwon,Jawa Tengah,Daop V Purwokerto,PKW,Tidak beroperasi
Pasar Minggu,DKI Jakarta,Daop I Jakarta,PSM,Beroperasi
Pasar Minggu Baru,DKI Jakarta,Daop I Jakarta,PSMB,Beroperasi
Pasarnguter,Jawa Tengah,Daop VI Yogyakarta,PNT,Beroperasi
Pasar Senen,DKI Jakarta,Daop I Jakarta,PSE,Beroperasi
Pasirbungur,Jawa Barat,Daop III Cirebon,PAS,Beroperasi
Pasirhayam,Jawa Barat,Daop II Bandung,PH,Tidak beroperasi
Pasirjengkol,Jawa Barat,Daop II Bandung,PSJ,Beroperasi
Pasirian,Jawa Timur,Daop IX Jember,PSR,Tidak beroperasi
Pasoso,DKI Jakarta,Daop I Jakarta,POO,Beroperasi
Pasuruan,Jawa Timur,Daop IX Jember,PS,Beroperasi
"Pasuruan Pelabuhan
d.h. Pasoeroean-Boom",Jawa Timur,Daop IX Jember,PSH,Tidak beroperasi
Pati,Jawa Tengah,Daop IV Semarang,PT,Tidak beroperasi
Patikraja,Jawa Tengah,Daop V Purwokerto,PTR,Tidak beroperasi
Patuguran,Jawa Tengah,Daop V Purwokerto,PAT,Beroperasi
Patukan,D.I Yogyakarta,Daop VI Yogyakarta,PTN,Beroperasi
Payaman,Jawa Tengah,Daop VI Yogyakarta,PYM,Tidak beroperasi
Pegaden Baru,Jawa Barat,Daop III Cirebon,PGB,Beroperasi
Pegangsaan,DKI Jakarta,Daop I Jakarta,PGS,Tidak beroperasi
"Pehsentee
d.h. Kepung",Jawa Timur,Daop VII Madiun,PST,Tidak beroperasi
Pekalongan,Jawa Tengah,Daop IV Semarang,PK,Beroperasi
"Pekalongan Pelabuhan
d.h. Pekalongan-Boom",Jawa Tengah,Daop IV Semarang,-,Tidak beroperasi
Pelem,Jawa Timur,Daop VII Madiun,PEL,Tidak beroperasi
Pemalang,Jawa Tengah,Daop IV Semarang,PML,Beroperasi
"Pendrikan
d.h. Semarang SCS[e]",Jawa Tengah,Daop IV Semarang,-,Tidak beroperasi
Perning,Jawa Timur,Daop VIII Surabaya,PEN,Tidak beroperasi
Pesantren,Jawa Timur,Daop VII Madiun,PES,Tidak beroperasi
Pesing,DKI Jakarta,Daop I Jakarta,PSG,Beroperasi
Petarukan,Jawa Tengah,Daop IV Semarang,PTA,Beroperasi
Peterongan,Jawa Timur,Daop VII Madiun,PTR,Beroperasi
Petung,Jawa Timur,Daop IX Jember,PET,Tidak beroperasi
Pirusa,Jawa Barat,Daop II Bandung,PSA,Tidak beroperasi
Plabuan,Jawa Tengah,Daop IV Semarang,PLB,Beroperasi
Plampangan,Jawa Timur,Daop VIII Surabaya,PAG,Tidak beroperasi
Plered,Jawa Barat,Daop II Bandung,PLD,Beroperasi
Ploso,Jawa Timur,Daop VII Madiun,POS,Tidak beroperasi
Plumpang,Jawa Timur,Daop VIII Surabaya,PMG,Tidak beroperasi
Pohgajih,Jawa Timur,Daop VIII Surabaya,PGJ,Beroperasi
Pondok Cina,Jawa Barat,Daop I Jakarta,POC,Beroperasi
Pondok Jati,DKI Jakarta,Daop I Jakarta,POK,Beroperasi
Pondok Leungsir,Jawa Barat,Daop I Jakarta,PON,Tidak beroperasi
Pondok Ranji,Banten,Daop I Jakarta,PDJ,Beroperasi
Pondok Rajeg,Jawa Barat,Daop I Jakarta,PDRG,Reaktivasi
Pondok Terong,Jawa Barat,Daop I Jakarta,PTO,Tidak beroperasi
Ponorogo,Jawa Timur,Daop VII Madiun,PO,Tidak beroperasi
"Porong
d.h. Porrong",Jawa Timur,Daop VIII Madiun,PR,Beroperasi
Poris,Banten,Daop I Jakarta,PI,Beroperasi
Prajekan,Jawa Timur,Daop IX Jember,PRJ,Tidak beroperasi
Prambon,Jawa Timur,Daop VIII Surabaya,PBN,Tidak beroperasi
Prembun,Jawa Tengah,Daop V Purwokerto,PRB,Beroperasi
Pringkasap,Jawa Barat,Daop III Cirebon,PRI,Beroperasi
Probolinggo,Jawa Timur,Daop IX Jember,PB,Beroperasi
"Probolinggo Pelabuhan
d.h. Probolinggo-Boom",Jawa Timur,Daop IX Jember,PBH,Tidak beroperasi
Prupuk,Jawa Tengah,Daop V Purwokerto,PPK,Beroperasi
Puger,Jawa Timur,Daop IX Jember,-,Tidak beroperasi
Pugeran,Jawa Timur,Daop VIII Surabaya,PGR,Tidak beroperasi
Pulorejo,Jawa Timur,Daop VII Madiun,PLR,Tidak beroperasi
Pundong,D.I Yogyakarta,Daop VI Yogyakarta,PUG,Tidak beroperasi
Purbalingga,Jawa Tengah,Daop V Purwokerto,PBG,Tidak beroperasi
Purwareja,Jawa Tengah,Daop V Purwokerto,PWJ[f],Tidak beroperasi
Purwakarta,Jawa Barat,Daop II Bandung,PWK,Beroperasi
Purwoasri,Jawa Timur,Daop VII Madiun,PWA,Beroperasi
Purwodadi,Jawa Tengah,Daop IV Semarang,PW,Tidak beroperasi
"Purwokerto
d.h. Poerwokerto SS, Poerwokerto-West",Jawa Tengah,Daop V Purwokerto,PWT,Beroperasi
"Purwokerto Timur
d.h. Poerwokerto SDS, Poerwokerto-Oost",Jawa Tengah,Daop V Purwokerto,PKT[g],Tidak beroperasi
Purwonegoro,Jawa Tengah,Daop V Purwokerto,PRW,Tidak beroperasi
Purworejo,Jawa Tengah,Daop V Purwokerto,PWR,Tidak beroperasi
Purwosari,Jawa Tengah,Daop VI Yogyakarta,PWS,Beroperasi
Pucuk,Jawa Timur,Daop VIII Surabaya,PC,Beroperasi
R,,,,
Nama stasiun,Provinsi,Daerah Operasi/Divisi Regional,Singkatan stasiun,Kondisi
Rajamandala,Jawa Barat,Daop II Bandung,RM,Beroperasi terbatas
Rajapolah,Jawa Barat,Daop II Bandung,RJP,Beroperasi
Rajawali,DKI Jakarta,Daop I Jakarta,RJW,Beroperasi
Rambipuji,Jawa Timur,Daop IX Jember,RBP,Beroperasi
Rancaekek,Jawa Barat,Daop II Bandung,RCK,Beroperasi
Randegan,Jawa Tengah,Daop V Purwokerto,RDN,Beroperasi
Randuagung,Jawa Timur,Daop IX Jember,RDA,Beroperasi
Randublatung,Jawa Tengah,Daop IV Semarang,RBG,Beroperasi
"Rangkasbitung
d.h. Rangkasbetoeng",Banten,Daop I Jakarta,RK,Beroperasi
Ranji,Jawa Barat,Daop II Bandung,RI,Tidak beroperasi
Ranuyoso,Jawa Timur,Daop IX Jember,RN,Beroperasi
Rawatamtu,Jawa Timur,Daop IX Jember,RWT,Tidak beroperasi
Rawabebek,Jawa Barat,Daop I Jakarta,RWB,Tidak beroperasi
Rawa Buntu,Banten,Daop I Jakarta,RU,Beroperasi
Rawa Buaya,DKI Jakarta,Daop I Jakarta,RW,Beroperasi
Rejoso,Jawa Timur,Daop IX Jember,RO,Beroperasi
Rejotangan,Jawa Timur,Daop VII Madiun,RJ,Beroperasi
Rembang,Jawa Tengah,Daop IV Semarang,RB,Tidak beroperasi
Rembang Pelabuhan,Jawa Tengah,Daop IV Semarang,RPB,Tidak beroperasi
Rendeh,Jawa Barat,Daop II Bandung,RH,Beroperasi
Rengasdengklok,Jawa Barat,Daop I Jakarta,RDK,Tidak beroperasi
Rengasbandung,Jawa Barat,Daop I Jakarta,RBG,Tidak beroperasi
Rewulu,D.I Yogyakarta,Daop VI Yogyakarta,RWL,Beroperasi
Roban,Jawa Tengah,Daop IV Semarang,RBN,Tidak beroperasi
Rogojampi,Jawa Timur,Daop IX Jember,RGP,Beroperasi
S,,,,
Nama stasiun,Provinsi,Daerah Operasi/Divisi Regional,Singkatan stasiun,Kondisi
Sadang,Jawa Barat,Daop II Bandung,SAD,Tidak beroperasi
Saketi,Banten,Daop I Jakarta,STI,Tidak beroperasi
Salem,Jawa Tengah,Daop VI Yogyakarta,SLM,Beroperasi
Salemba,DKI Jakarta,Daop I Jakarta,SLB,Tidak beroperasi
"Samarang
d.h. Kemidjen NIS, Samarang NIS[h]",Jawa Tengah,Daop IV Semarang,-,Tidak beroperasi
Sampang,Jawa Timur,Daop VIII Surabaya,SPG,Tidak beroperasi
Saradan,Jawa Timur,Daop VII Madiun,SRD,Beroperasi
Sasaksaat,Jawa Barat,Daop II Bandung,SKT,Beroperasi
Sawah Besar,DKI Jakarta,Daop I Jakarta,SWB,Beroperasi
Sawotratap,Jawa Timur,Daop VIII Surabaya,STP,Tidak beroperasi
Sayung,Jawa Tengah,Daop IV Semarang,SYG,Tidak beroperasi
Secang,Jawa Tengah,Daop VI Yogyakarta,SCA,Tidak beroperasi
Sedadi,Jawa Tengah,Daop IV Semarang,SDI,Beroperasi
Sedayu (ke Dpt),Jawa Timur,Daop VIII Surabaya,SEA,Tidak beroperasi
Sedayu (ke Yk),D.I Yogyakarta,Daop VI Yogyakarta,SDY,Tidak beroperasi
Selajambe,Jawa Barat,Daop II Bandung,SLJ,Tidak beroperasi
"Semarang Gudang
d.h. Semarang-goederenstation",Jawa Tengah,Daop IV Semarang,SMG,Tidak beroperasi
"Semarang Pelabuhan
d.h. Samarang-haven",Jawa Tengah,Daop IV Semarang,SMH,Tidak beroperasi
"Semarang Poncol
d.h. Semarang SCS, Semarang-West[i]",Jawa Tengah,Daop IV Semarang,SMC,Beroperasi
"Semarang Tawang
d.h. Tawang NIS, Semarang NIS[j]",Jawa Tengah,Daop IV Semarang,SMT,Beroperasi
Sembung (Bj),Jawa Timur,Daop VIII Surabaya,SEG,Tidak beroperasi
Sembung (Jg),Jawa Timur,Daop VII Madiun,SMB,Beroperasi
Semen,Jawa Tengah,Daop VI Yogyakarta,SEM,Tidak beroperasi
Sempolan,Jawa Timur,Daop IX Jember,SPL,Beroperasi
Sengon,Jawa Timur,Daop VIII Surabaya,SN,Beroperasi
Sentolo,D.I Yogyakarta,Daop VI Yogyakarta,STL,Beroperasi
Sepanjang,Jawa Timur,Daop VIII Surabaya,SPJ,Beroperasi
Serang,Banten,Daop I Jakarta,SG,Beroperasi
Serpong,Banten,Daop I Jakarta,SRP,Beroperasi
"Sewugalur
d.h. Sewoe-Galoor",D.I Yogyakarta,Daop VI Yogyakarta,-,Tidak beroperasi
Sidareja,Jawa Tengah,Daop V Purwokerto,SDR,Beroperasi
Sidoarjo,Jawa Timur,Daop VIII Surabaya,SDA,Beroperasi
Sidotopo,Jawa Timur,Daop VIII Surabaya,SDT,Beroperasi
Sikampuh,Jawa Tengah,Daop V Purwokerto,SKP,Beroperasi
Silebu,Banten,Daop I Jakarta,SIB,Tidak beroperasi
"Sindanglaut
d.h. Sindanglaoet SS",Jawa Barat,Daop III Cirebon,SDU,Beroperasi
"Sindanglaut SCS
d.h. Sindanglaoet SCS",Jawa Barat,Daop III Cirebon,-,Tidak beroperasi
Singaparna,Jawa Barat,Daop II Bandung,SPA,Tidak beroperasi
Singojuruh,Jawa Timur,Daop IX Jember,SGJ,Beroperasi
Singosari,Jawa Timur,Daop VIII Surabaya,SGS,Beroperasi
Sitinggil,Jawa Tengah,Daop V Purwokerto,SIL,Tidak beroperasi
Situbondo,Jawa Timur,Daop IX Jember,SIT,Tidak beroperasi
Situbondo Gudang,Jawa Timur,Daop IX Jember,SITG,Tidak beroperasi
Slahung,Jawa Timur,Daop VII Madiun,SLH,Tidak beroperasi
Slawi,Jawa Tengah,Daop V Purwokerto,SLW,Beroperasi
Sleko,Jawa Timur,Daop VII Madiun,SLE,Tidak beroperasi
Sleman,D.I Yogyakarta,Daop VI Yogyakarta,SMN,Tidak beroperasi
Soekarno-Hatta,Banten,Daop I Jakarta,BST,Beroperasi
Socah,Jawa Timur,Daop VIII Surabaya,SOC,Tidak beroperasi
Soka,Jawa Tengah,Daop V Purwokerto,SOA,Tidak Beroperasi
Sokaraja,Jawa Tengah,Daop V Purwokerto,SOK,Tidak beroperasi
Solo Balapan,Jawa Tengah,Daop VI Yogyakarta,SLO,Beroperasi
Solo Jebres,Jawa Tengah,Daop VI Yogyakarta,SK,Beroperasi
Solo-Kota,Jawa Tengah,Daop VI Yogyakarta,SKA,Beroperasi
Songgom,Jawa Tengah,Daop III Cirebon,SGG,Beroperasi
Soreang (Bd),Jawa Barat,Daop II Bandung,SRG,Tidak beroperasi
"Sragen
d.h. Modjosragen",Jawa Tengah,Daop VI Yogyakarta,SR,Beroperasi
Sragi,Jawa Tengah,Daop IV Semarang,SRI,Beroperasi
Srandakan,D.I Yogyakarta,Daop VI Yogyakarta,-,Tidak beroperasi
Srono,Jawa Timur,Daop IX Jember,SRO,Tidak beroperasi
Sroyo,Jawa Timur,Daop VIII Surabaya,SYO,Tidak beroperasi
Srowot,Jawa Tengah,Daop VI Yogyakarta,SWT,Beroperasi
Sruweng,Jawa Tengah,Daop V Purwokerto,SRW,Beroperasi
Sudimara,Banten,Daop I Jakarta,SDM,Beroperasi
"Sudirman
d.h. Dukuh Atas",DKI Jakarta,Daop I Jakarta,SUD,Beroperasi
"Sudirman Baru
BNI City",DKI Jakarta,Daop I Jakarta,SUDB,Beroperasi
Sukabumi,Jawa Barat,Daop I Jakarta,SI,Beroperasi
"Sukatani
d.h. Bendul",Jawa Barat,Daop II Bandung,SUT,Beroperasi
Sukodono,Jawa Timur,Daop IX Jember,SKO,Tidak beroperasi
Sukoharjo,Jawa Tengah,Daop VI Yogyakarta,SKH,Beroperasi
Sukolilo,Jawa Timur,Daop VIII Surabaya,SLL,Tidak beroperasi
Sukomoro,Jawa Timur,Daop VII Madiun,SKM,Beroperasi
Sukorejo,Jawa Timur,Daop VIII Surabaya,SKJ,Beroperasi
Sukosari,Jawa Timur,Daop IX Jember,SSR,Tidak beroperasi
Sukowono,Jawa Timur,Daop IX Jember,SKW,Tidak beroperasi
Sulur,Jawa Tengah,Daop IV Semarang,SL,Beroperasi
Sumberbaru,Jawa Timur,Daop IX Jember,SBB,Tidak beroperasi
Sumbergempol,Jawa Timur,Daop VII Madiun,SBL,Beroperasi
Sumberlawang,Jawa Tengah,Daop VI Yogyakarta,SUM,Beroperasi
Sumberpucung,Jawa Timur,Daop VIII Surabaya,SBP,Beroperasi
Sumberrejo,Jawa Timur,Daop VIII Surabaya,SRJ,Beroperasi
Sumbersalak,Jawa Timur,Daop IX Jember,SBS,Tidak beroperasi
Sumberwadung,Jawa Timur,Daop IX Jember,SWD,Beroperasi
Sumenep,Jawa Timur,Daop VIII Surabaya,SMP,Tidak beroperasi
Sumlaran,Jawa Timur,Daop VIII Surabaya,SLR,Tidak beroperasi
Sumobito,Jawa Timur,Daop VII Madiun,SBO,Beroperasi
Sumoroto,Jawa Timur,Daop VII Madiun,SMO,Tidak beroperasi
Sumpiuh,Jawa Tengah,Daop V Purwokerto,SPH,beroperasi
"Sungai Lagoa
d.h. Tandjongpriok Goedang",DKI Jakarta,Daop I Jakarta,SAO,Beroperasi
Sungai Tirem,DKI Jakarta,Daop I Jakarta,SGT,Tidak beroperasi
Surabaya Gubeng,Jawa Timur,Daop VIII Surabaya,SGU,Beroperasi
Surabaya Kota,Jawa Timur,Daop VIII Surabaya,SB,Beroperasi
"Surabaya Pasarturi
d.h. Soerabaja NIS",Jawa Timur,Daop VIII Surabaya,SBI,Beroperasi
Surabayan,Jawa Timur,Daop VIII Surabaya,SBN,Beroperasi
Suradadi,Jawa Tengah,Daop IV Semarang,SD,Beroperasi
Susuhan,Jawa Timur,Daop VII Madiun,SS,Beroperasi
T,,,,
Nama stasiun,Provinsi,Daerah Operasi/Divisi Regional,Singkatan stasiun,Kondisi
Tagogapu,Jawa Barat,Daop II Bandung,TAU,Beroperasi terbatas
Talun,Jawa Timur,Daop VII Madiun,TAL,Beroperasi
Tamanan,Jawa Timur,Daop IX Jember,TMN,Tidak beroperasi
"Taman Kota
d.h. Kembangan",DKI Jakarta,Daop I Jakarta,TKO,Beroperasi
Tambak,Jawa Tengah,Daop V Purwokerto,TBK,Beroperasi
Tambun,Jawa Barat,Daop I Jakarta,TB,Beroperasi
Tanahabang,DKI Jakarta,Daop I Jakarta,THB,Beroperasi
Tanah Tinggi,Banten,Daop I Jakarta,TTI,Beroperasi
Tandes,Jawa Timur,Daop VIII Surabaya,TES,Beroperasi
Tangsil,Jawa Timur,Daop IX Jember,TGS[k],Tidak beroperasi
Tanjakan Empang,Jawa Barat,Daop I Jakarta,TEP,Tidak beroperasi
Tanjung (ke Cn),Jawa Tengah,Daop III Cirebon,TGN,Beroperasi
Tanjung Barat,DKI Jakarta,Daop I Jakarta,TNT,Beroperasi
Tanjung Priok,DKI Jakarta,Daop I Jakarta,TPK,Beroperasi
"Tanjungpriok Pelabuhan
d.h. Tandjongpriok-haven",DKI Jakarta,Daop I Jakarta,TPH,Tidak beroperasi
Tanjungrasa,Jawa Barat,Daop III Cirebon,TJS,Beroperasi
Tanjungsari,Jawa Barat,Daop II Bandung,-,Tidak beroperasi
Tangerang,Banten,Daop I Jakarta,TNG,Beroperasi
Tanggul,Jawa Timur,Daop IX Jember,TGL,Beroperasi
Tanggulangin,Jawa Timur,Daop VIII Surabaya,TGA,Beroperasi
Tanggung,Jawa Tengah,Daop IV Semarang,TGG,Beroperasi
Tapen,Jawa Timur,Daop IX Jember,TAP,Tidak beroperasi
Tarik,Jawa Timur,Daop VIII Surabaya,TRK,Beroperasi
Tasikmalaya,Jawa Barat,Daop II Bandung,TSM,Beroperasi
Tasikmalaya Pasar,Jawa Barat,Daop II Bandung,TSP,Tidak beroperasi
Tayu,Jawa Tengah,Daop IV Semarang,TAY,Tidak beroperasi
Tebet,DKI Jakarta,Daop I Jakarta,TEB,Beroperasi
Tegal,Jawa Tengah,Daop IV Semarang,TG,Beroperasi
Tegal Gudang,Jawa Tengah,Daop IV Semarang,TGD,Tidak beroperasi
"Tegal Pelabuhan
d.h. Tegal-Boom",Jawa Tengah,Daop IV Semarang,-,Tidak beroperasi
Tegalsari,Jawa Tengah,Daop VI Yogyakarta,TSI,Tidak beroperasi
Tegowanu,Jawa Tengah,Daop IV Semarang,TGW,Beroperasi
Tekaran,Jawa Tengah,Daop VI Yogyakarta,TER,Tidak beroperasi
Tekung,Jawa Timur,Daop IX Jember,TKU,Tidak beroperasi
Telagamurni/Metland Telagamurni,Jawa Barat,Daop I Jakarta,MTM/TLM,Beroperasi
Telagasari,Jawa Barat,Daop III Cirebon,TLS,Beroperasi
Telang,Jawa Timur,Daop VIII Surabaya,TLA,Tidak beroperasi
Telawa,Jawa Tengah,Daop IV Semarang,TW,Beroperasi
Temanggung,Jawa Tengah,Daop VI Yogyakarta,TMG,Tidak beroperasi
Tempeh,Jawa Timur,Daop IX Jember,TPE,Tidak beroperasi
Tempel,Jawa Tengah,Daop VI Yogyakarta,TPL,Tidak beroperasi
Tempuran,Jawa Tengah,Daop IV Semarang,TPN,Tidak beroperasi
Temuguruh,Jawa Timur,Daop IX Jember,TGR,Beroperasi
Tenjo,Jawa Barat,Daop I Jakarta,TEJ,Beroperasi
Tengor,Jawa Timur,Daop VIII Surabaya,TEN,Tidak beroperasi
Terisi,Jawa Barat,Daop III Cirebon,TIS,Beroperasi
Tigaraksa,Banten,Daop I Jakarta,TGS[l],Beroperasi
Tobo,Jawa Timur,Daop VIII Surabaya,TBO,Beroperasi
Tonjong Baru,Banten,Daop I Jakarta,TOJB,Beroperasi
Torjun,Jawa Timur,Daop VIII Surabaya,TRJ,Tidak beroperasi
Trenggalek,Jawa Timur,Daop VII Madiun,TRG,Tidak beroperasi
Tribungan,Jawa Timur,Daop IX Jember,TBG,Tidak beroperasi
Tuban,Jawa Timur,Daop VIII Surabaya,TN,Tidak beroperasi
Tugu[m],Jawa Timur,Daop VII Madiun,TGU,Tidak beroperasi
Tulangan,Jawa Timur,Daop VIII Surabaya,TLN,Beroperasi
Tulungagung,Jawa Timur,Daop VII Madiun,TA,Beroperasi
Tumpang,Jawa Timur,Daop VIII Surabaya,TMP,Tidak beroperasi
Tuntang,Jawa Tengah,Daop IV Semarang,TTG,Beroperasi terbatas
Tutul,Jawa Timur,Daop IX Jember,TTU,Tidak beroperasi
U,,,,
Nama stasiun,Provinsi,Daerah Operasi/Divisi Regional,Singkatan stasiun,Kondisi
"Ujung
d.h. Soerabaja-Oedjoeng",Jawa Timur,Daop VIII Surabaya,UJ,Tidak beroperasi
Ujunggede,Jawa Tengah,Daop IV Semarang,UGD,Tidak beroperasi
Ujungnegoro,Jawa Tengah,Daop IV Semarang,UJN,Beroperasi
Universitas Indonesia,Jawa Barat,Daop I Jakarta,UI,Beroperasi
Universitas Pancasila,DKI Jakarta,Daop I Jakarta,UP,Beroperasi
W,,,,
Nama stasiun,Provinsi,Daerah Operasi/Divisi Regional,Singkatan stasiun,Kondisi
Wadas,Jawa Barat,Daop I Jakarta,WDS,Tidak beroperasi
Wadu,Jawa Tengah,Daop IV Semarang,WDU,Beroperasi
Walantaka,Banten,Daop I Jakarta,WLT,Beroperasi
Walikukun,Jawa Timur,Daop VII Madiun,WK,Beroperasi
Wanaraja,Jawa Barat,Daop II Bandung,WNR,Beroperasi
Waru (Pekalongan),Jawa Tengah,Daop IV Semarang,WU,Tidak beroperasi
Waru (Sidoarjo),Jawa Timur,Daop VIII Surabaya,WR,Beroperasi
Waruduwur,Jawa Barat,Daop III Cirebon,WDW,Beroperasi
Warungbandrek,Jawa Barat,Daop II Bandung,WB,Beroperasi
"Warungdowo
d.h. Waroeng-Dowo",Jawa Timur,Daop IX Jember,WDO,Tidak beroperasi
Wates (Kediri),Jawa Timur,Daop VII Madiun,WAT,Tidak beroperasi
Wates (Kulon Progo),D.I Yogyakarta,Daop VI Yogyakarta,WT,Beroperasi
Weleri,Jawa Tengah,Daop IV Semarang,WLR,Beroperasi
Widuri,Jawa Timur,Daop IX Jember,WDR,Tidak beroperasi
Wilangan,Jawa Timur,Daop VII Madiun,WLG,Tidak beroperasi
Winongan,Jawa Timur,Daop IX Jember,WON,Tidak beroperasi
Winongo,D.I Yogyakarta,Daop VI Yogyakarta,WGO,Tidak beroperasi
Wirosari,Jawa Tengah,Daop IV Semarang,WLS,Tidak beroperasi
Wlingi,Jawa Timur,Daop VIII Surabaya,WG,Beroperasi
Wojo,Jawa Tengah,Daop VI Yogyakarta,WJ,Beroperasi
Wonogiri,Jawa Tengah,Daop VI Yogyakarta,WNG,Beroperasi
Wonokasihan,Jawa Timur,Daop VII Madiun,WKN,Tidak beroperasi
Wonokerto,Jawa Timur,Daop VIII Surabaya,WN,Beroperasi
"Wonokromo
d.h. Wonokromo SS",Jawa Timur,Daop VIII Surabaya,WO,Beroperasi
"Wonokromo Kota
d.h. Wonokromo OJS",Jawa Timur,Daop VIII Surabaya,WOK,Tidak beroperasi
Wonopringgo,Jawa Tengah,Daop IV Semarang,WPO,Tidak beroperasi
Wonorejo,Jawa Timur,Daop IX Jember,WRO,Tidak beroperasi
Wonosari,Jawa Tengah,Daop V Purwokerto,WNS,Beroperasi
Wonosobo,Jawa Tengah,Daop V Purwokerto,WS,Tidak beroperasi
Y,,,,
Nama stasiun,Provinsi,Daerah Operasi/Divisi Regional,Singkatan stasiun,Kondisi
"Yogyakarta
d.h. Djocja Toegoe, Djokjakarta",D.I Yogyakarta,Daop VI Yogyakarta,YK,Beroperasi
Yosowilangun,Jawa Timur,Daop IX Jember,YWL,Tidak beroperasi