,train_number,train_class,train_name,departure_time,arrival_time,origin_station,destination_station
0,1,KA ARGO,ARGO BROMO ANGGREK,09:10:00,16:55:00,SBI,GMR
1,2,KA ARGO,ARGO BROMO ANGGREK,08:20:00,16:05:00,GMR,SBI
2,3,KA ARGO,ARGO BROMO ANGGREK,21:15:00,05:00:00,SBI,GMR
3,4,KA ARGO,ARGO BROMO ANGGREK,20:30:00,04:15:00,GMR,SBI
4,5,KA ARGO,ARGO SEMERU,09:05:00,19:32:00,SGU,GMR
5,6,KA ARGO,ARGO SEMERU,06:20:00,16:38:00,GMR,SGU
6,7,KA ARGO,BIMA,19:20:00,05:45:00,SGU,GMR
7,8,KA ARGO,BIMA,17:00:00,03:20:00,GMR,SGU
8,9,KA ARGO,ARGO WILIS,08:30:00,18:17:00,SGU,BD
9,10,KA ARGO,ARGO WILIS,07:35:00,17:15:00,BD,SGU
10,11,KA ARGO,TURANGGA,20:00:00,06:10:00,SGU,BD
11,12,KA ARGO,TURANGGA,17:40:00,03:40:00,BD,SGU
12,13,KA ARGO,ARGO LAWU,08:30:00,15:25:00,SLO,GMR
13,14,KA ARGO,ARGO LAWU,20:45:00,03:40:00,GMR,SLO
14,15,KA ARGO,ARGO DWIPANGGA,20:35:00,03:30:00,SLO,GMR
15,16,KA ARGO,ARGO DWIPANGGA,08:50:00,15:45:00,GMR,SLO
16,17,KA ARGO,ARGO SINDORO,07:00:00,12:10:00,SMT,GMR
17,18,KA ARGO,ARGO SINDORO,16:45:00,21:55:00,GMR,SMT
18,19,KA ARGO,ARGO SINDORO,22:40:00,03:50:00,SMT,GMR
19,20,KA ARGO,ARGO MURIA,07:15:00,12:25:00,GMR,SMT
20,21,KA ARGO,ARGO MURIA,17:00:00,22:11:00,SMT,GMR
21,22,KA ARGO,ARGO MURIA,22:40:00,03:55:00,GMR,SMT
22,23,KA ARGO,ARGO MERBABU,05:50:00,11:10:00,SMT,GMR
23,24,KA ARGO,ARGO MERBABU,12:00:00,17:20:00,GMR,SMT
24,25,KA ARGO,ARGO MERBABU,19:00:00,00:20:00,SMT,GMR
25,26,KA ARGO,ARGO MERBABU,06:00:00,11:20:00,GMR,SMT
26,27,KA ARGO,ARGO MERBABU,14:00:00,19:16:00,SMT,GMR
27,28,KA ARGO,ARGO MERBABU,19:45:00,01:01:00,GMR,SMT
28,29F,KA ARGO,ARGO ANJASMORO,12:05:00,21:10:00,SBI,GMR
29,30F,KA ARGO,ARGO ANJASMORO,23:35:00,08:40:00,GMR,SBI
30,32,KA EKSEKUTIF,PANDALUNGAN,19:55:00,05:08:00,GMR,SBI
31,33,KA EKSEKUTIF,PANDALUNGAN,05:15:00,09:00:00,SBI,JR
32,34,KA EKSEKUTIF,PANDALUNGAN,16:00:00,19:36:00,JR,SBI
33,31,KA EKSEKUTIF,PANDALUNGAN,19:45:00,04:30:00,SBI,GMR
34,35,KA EKSEKUTIF,GAJAYANA,14:55:00,03:05:00,ML,GMR
35,36,KA EKSEKUTIF,GAJAYANA,18:50:00,07:06:00,GMR,ML
36,37,KA EKSEKUTIF,BRAWIJAYA,16:00:00,04:10:00,ML,GMR
37,38,KA EKSEKUTIF,BRAWIJAYA,15:45:00,03:38:00,GMR,ML
38,39,KA EKSEKUTIF,SEMBRANI,07:50:00,16:20:00,SBI,GMR
39,40,KA EKSEKUTIF,SEMBRANI,10:20:00,18:47:00,GMR,SBI
40,41,KA EKSEKUTIF,SEMBRANI,20:15:00,04:45:00,SBI,GMR
41,42,KA EKSEKUTIF,SEMBRANI,19:30:00,03:55:00,GMR,SBI
42,43,KA EKSEKUTIF,TAKSAKA,07:30:00,13:35:00,YK,GMR
43,44,KA EKSEKUTIF,TAKSAKA,14:00:00,20:10:00,GMR,YK
44,45,KA EKSEKUTIF,TAKSAKA,21:05:00,03:15:00,YK,GMR
45,46,KA EKSEKUTIF,TAKSAKA,07:45:00,13:50:00,GMR,YK
46,47,KA EKSEKUTIF,TAKSAKA,14:45:00,20:54:00,YK,GMR
47,48,KA EKSEKUTIF,TAKSAKA,21:20:00,03:30:00,GMR,YK
48,50F,KA EKSEKUTIF,PURWOJAYA,07:00:00,11:54:00,GMR,KYA
49,51F,KA EKSEKUTIF,PURWOJAYA,12:14:00,12:51:00,KYA,CP
50,52,KA EKSEKUTIF,PURWOJAYA,14:15:00,14:59:00,CP,KYA
51,49,KA EKSEKUTIF,PURWOJAYA,15:19:00,20:19:00,KYA,GMR
52,54,KA EKSEKUTIF,PURWOJAYA,20:55:00,01:37:00,GMR,KYA
53,55,KA EKSEKUTIF,PURWOJAYA,01:57:00,02:35:00,KYA,CP
54,56F,KA EKSEKUTIF,PURWOJAYA,06:55:00,07:40:00,CP,KYA
55,53F,KA EKSEKUTIF,PURWOJAYA,08:00:00,12:55:00,KYA,GMR
56,58F,KA EKSEKUTIF,PURWOJAYA,13:25:00,18:19:00,GMR,KYA
57,59F,KA EKSEKUTIF,PURWOJAYA,18:39:00,19:17:00,KYA,CP
58,60F,KA EKSEKUTIF,PURWOJAYA,20:05:00,20:49:00,CP,KYA
59,57F,KA EKSEKUTIF,PURWOJAYA,21:09:00,02:10:00,KYA,GMR
60,61,KA EKSEKUTIF,MANAHAN,09:50:00,17:31:00,SLO,GMR
61,62,KA EKSEKUTIF,MANAHAN,10:30:00,18:18:00,GMR,SLO
62,63,KA EKSEKUTIF,MANAHAN,22:35:00,06:33:00,SLO,GMR
63,64,KA EKSEKUTIF,MANAHAN,22:50:00,06:30:00,GMR,SLO
64,65F,KA EKSEKUTIF,ARJUNO EKSPRES,10:10:00,12:06:00,SGU,ML
65,66F,KA EKSEKUTIF,ARJUNO EKSPRES,05:30:00,07:29:00,ML,SGU
66,67,KA EKSEKUTIF EKONOMI,MALABAR,16:50:00,05:45:00,ML,BD
67,68,KA EKSEKUTIF EKONOMI,MALABAR,18:10:00,06:52:00,BD,ML
68,69,KA EKSEKUTIF EKONOMI,MALABAR,05:25:00,18:05:00,ML,BD
69,70,KA EKSEKUTIF EKONOMI,MALABAR,09:30:00,22:36:00,BD,ML
70,71,KA EKSEKUTIF EKONOMI,MUTIARA SELATAN,18:10:00,05:15:00,SGU,BD
71,72,KA EKSEKUTIF EKONOMI,MUTIARA SELATAN,20:00:00,06:42:00,BD,SGU
72,73,KA EKSEKUTIF EKONOMI,SENJA UTAMA SOLO,18:55:00,02:47:00,SLO,PSE
73,74,KA EKSEKUTIF EKONOMI,FAJAR UTAMA SOLO,05:40:00,13:22:00,PSE,SLO
74,75,KA EKSEKUTIF EKONOMI,MATARAM,08:50:00,16:36:00,SLO,PSE
75,76,KA EKSEKUTIF EKONOMI,MATARAM,21:40:00,05:30:00,PSE,SLO
76,77,KA EKSEKUTIF EKONOMI,LODAYA,07:20:00,15:27:00,SLO,BD
77,78,KA EKSEKUTIF EKONOMI,LODAYA,06:30:00,14:18:00,BD,SLO
78,79,KA EKSEKUTIF EKONOMI,LODAYA,19:10:00,03:14:00,SLO,BD
79,80,KA EKSEKUTIF EKONOMI,LODAYA,19:00:00,02:45:00,BD,SLO
80,81,KA EKSEKUTIF EKONOMI,SANCAKA,07:00:00,11:00:00,SGU,YK
81,82,KA EKSEKUTIF EKONOMI,SANCAKA,11:30:00,15:30:00,YK,SGU
82,83,KA EKSEKUTIF EKONOMI,SANCAKA,16:30:00,20:35:00,SGU,YK
83,84,KA EKSEKUTIF EKONOMI,SANCAKA,06:45:00,10:45:00,YK,SGU
84,85,KA EKSEKUTIF EKONOMI,SANCAKA,11:15:00,15:15:00,SGU,YK
85,86,KA EKSEKUTIF EKONOMI,SANCAKA,17:00:00,21:00:00,YK,SGU
86,87F,KA EKSEKUTIF EKONOMI,SANCAKA,22:00:00,02:00:00,SGU,YK
87,88F,KA EKSEKUTIF EKONOMI,SANCAKA,22:25:00,02:25:00,YK,SGU
88,89,KA EKSEKUTIF EKONOMI,GAYABARU MALAM SELATAN,06:30:00,19:03:00,SGU,PSE
89,90,KA EKSEKUTIF EKONOMI,GAYABARU MALAM SELATAN,11:10:00,23:35:00,PSE,SGU
90,92,KA EKSEKUTIF EKONOMI,JAYABAYA,22:15:00,08:09:00,PSE,SBI
91,93,KA EKSEKUTIF EKONOMI,JAYABAYA,08:18:00,10:45:00,SBI,ML
92,94,KA EKSEKUTIF EKONOMI,JAYABAYA,13:45:00,15:55:00,ML,SBI
93,91,KA EKSEKUTIF EKONOMI,JAYABAYA,16:07:00,01:58:00,SBI,PSE
94,95,KA EKSEKUTIF EKONOMI,HARINA,17:45:00,01:48:00,SBI,CKP
95,98,KA EKSEKUTIF EKONOMI,HARINA,02:18:00,04:15:00,CKP,BD
96,97,KA EKSEKUTIF EKONOMI,HARINA,21:35:00,23:35:00,BD,CKP
97,96,KA EKSEKUTIF EKONOMI,HARINA,00:08:00,08:25:00,CKP,SBI
98,99,KA EKSEKUTIF EKONOMI,HARINA,05:50:00,13:46:00,SBI,CKP
99,102,KA EKSEKUTIF EKONOMI,HARINA,14:12:00,16:20:00,CKP,BD
100,101,KA EKSEKUTIF EKONOMI,HARINA,09:35:00,11:45:00,BD,CKP
101,100,KA EKSEKUTIF EKONOMI,HARINA,12:10:00,20:10:00,CKP,SBI
102,103,KA EKSEKUTIF EKONOMI,BOGOWONTO,08:15:00,15:53:00,LPN,PSE
103,104,KA EKSEKUTIF EKONOMI,BOGOWONTO,18:10:00,01:47:00,PSE,LPN
104,105,KA EKSEKUTIF EKONOMI,GAJAHWONG,20:40:00,04:32:00,LPN,PSE
105,106,KA EKSEKUTIF EKONOMI,GAJAHWONG,07:55:00,15:50:00,PSE,LPN
106,107,KA EKSEKUTIF EKONOMI,SENJA UTAMA YK,17:30:00,00:30:00,YK,PSE
107,108,KA EKSEKUTIF EKONOMI,SENJA UTAMA YK,19:00:00,02:00:00,PSE,YK
108,109,KA EKSEKUTIF EKONOMI,FAJAR UTAMA YK,07:00:00,14:20:00,YK,PSE
109,110,KA EKSEKUTIF EKONOMI,FAJAR UTAMA YK,07:35:00,15:10:00,PSE,YK
110,111,KA EKSEKUTIF EKONOMI,SAWUNGGALIH,06:30:00,12:40:00,KTA,PSE
111,112,KA EKSEKUTIF EKONOMI,SAWUNGGALIH,13:15:00,19:15:00,PSE,KTA
112,113,KA EKSEKUTIF EKONOMI,SAWUNGGALIH,20:15:00,02:25:00,KTA,PSE
113,114,KA EKSEKUTIF EKONOMI,SAWUNGGALIH,06:30:00,12:50:00,PSE,KTA
114,115,KA EKSEKUTIF EKONOMI,SAWUNGGALIH,13:50:00,19:40:00,KTA,PSE
115,116,KA EKSEKUTIF EKONOMI,SAWUNGGALIH,20:10:00,02:13:00,PSE,KTA
116,117,KA EKSEKUTIF EKONOMI,GUNUNGJATI,05:40:00,08:27:00,CN,GMR
117,118,KA EKSEKUTIF EKONOMI,GUNUNGJATI,09:00:00,14:43:00,GMR,SMT
118,119,KA EKSEKUTIF EKONOMI,GUNUNGJATI,15:45:00,21:35:00,SMT,GMR
119,120,KA EKSEKUTIF EKONOMI,GUNUNGJATI,22:05:00,01:05:00,GMR,CN
120,121,KA EKSEKUTIF EKONOMI,CAKRABUANA,05:30:00,10:24:00,PWT,GMR
121,122,KA EKSEKUTIF EKONOMI,CAKRABUANA,10:50:00,13:50:00,GMR,CN
122,123,KA EKSEKUTIF EKONOMI,CAKRABUANA,16:00:00,18:43:00,CN,GMR
123,124,KA EKSEKUTIF EKONOMI,CAKRABUANA,19:10:00,00:08:00,GMR,PWT
124,125F,KA EKSEKUTIF EKONOMI,CHERIBON FAKULTATIF,20:30:00,23:24:00,CN,GMR
125,126F,KA EKSEKUTIF EKONOMI,CHERIBON FAKULTATIF,23:55:00,02:50:00,GMR,CN
126,127,KA EKSEKUTIF EKONOMI,PANGANDARAN,17:00:00,01:10:00,BJR,GMR
127,128,KA EKSEKUTIF EKONOMI,PANGANDARAN,08:30:00,16:08:00,GMR,BJR
128,129,KA EKSEKUTIF EKONOMI,PAPANDAYAN,12:40:00,18:00:00,GRT,GMR
129,130,KA EKSEKUTIF EKONOMI,PAPANDAYAN,06:35:00,11:45:00,GMR,GRT
130,131,KA EKSEKUTIF EKONOMI,PARAHYANGAN,05:00:00,08:00:00,BD,GMR
131,132,KA EKSEKUTIF,PARAHYANGAN,07:30:00,10:21:00,GMR,BD
132,133,KA EKSEKUTIF,PARAHYANGAN,11:05:00,14:12:00,BD,GMR
133,134,KA EKSEKUTIF EKONOMI,PARAHYANGAN,18:25:00,21:20:00,GMR,BD
134,135,KA EKSEKUTIF EKONOMI,PARAHYANGAN,06:35:00,09:40:00,BD,GMR
135,136,KA EKSEKUTIF EKONOMI,PARAHYANGAN,10:05:00,13:18:00,GMR,BD
136,137,KA EKSEKUTIF EKONOMI,PARAHYANGAN,13:05:00,16:04:00,BD,GMR
137,138,KA EKSEKUTIF,PARAHYANGAN,09:15:00,12:18:00,GMR,BD
138,139,KA EKSEKUTIF,PARAHYANGAN,19:25:00,22:24:00,BD,GMR
139,140,KA EKSEKUTIF,PARAHYANGAN,23:05:00,02:02:00,GMR,BD
140,141F,KA EKSEKUTIF,PARAHYANGAN FAKULTATIF,10:25:00,13:13:00,BD,GMR
141,142F,KA EKSEKUTIF,PARAHYANGAN FAKULTATIF,13:40:00,16:42:00,GMR,BD
142,143,KA EKSEKUTIF EKONOMI,MADIUN JAYA,08:00:00,17:03:00,MN,PSE
143,144,KA EKSEKUTIF EKONOMI,MADIUN JAYA,21:10:00,06:05:00,PSE,MN
144,146,KA EKSEKUTIF EKONOMI,BLAMBANGAN EKSPRES,12:10:00,22:15:00,PSE,SBI
145,147,KA EKSEKUTIF EKONOMI,BLAMBANGAN EKSPRES,22:25:00,04:40:00,SBI,KTG
146,148,KA EKSEKUTIF EKONOMI,BLAMBANGAN EKSPRES,15:45:00,21:57:00,KTG,SBI
147,145,KA EKSEKUTIF EKONOMI,BLAMBANGAN EKSPRES,22:10:00,08:16:00,SBI,PSE
148,149,KA EKSEKUTIF EKONOMI,SINGASARI,16:40:00,05:33:00,BL,PSE
149,150,KA EKSEKUTIF EKONOMI,SINGASARI,21:55:00,11:30:00,PSE,BL
150,151,KA EKSEKUTIF EKONOMI,BRANTAS,12:55:00,01:40:00,BL,PSE
151,152,KA EKSEKUTIF EKONOMI,BRANTAS,14:10:00,03:15:00,PSE,BL
152,156,KA EKSEKUTIF EKONOMI,RANGGAJATI,05:45:00,09:09:00,JR,SGU
153,153,KA EKSEKUTIF EKONOMI,RANGGAJATI,09:45:00,19:23:00,SGU,CN
154,154,KA EKSEKUTIF EKONOMI,RANGGAJATI,07:00:00,16:27:00,CN,SGU
155,155,KA EKSEKUTIF EKONOMI,RANGGAJATI,16:58:00,20:25:00,SGU,JR
156,158,KA EKSEKUTIF EKONOMI,WIJAYA KUSUMA,15:20:00,23:18:00,CP,SGU
157,159,KA EKSEKUTIF EKONOMI,WIJAYA KUSUMA,23:48:00,05:40:00,SGU,KTG
158,160,KA EKSEKUTIF EKONOMI,WIJAYA KUSUMA,11:00:00,16:53:00,KTG,SGU
159,157,KA EKSEKUTIF EKONOMI,WIJAYA KUSUMA,17:20:00,01:11:00,SGU,CP
160,161,KA EKSEKUTIF EKONOMI,BANGUNKARTA,06:55:00,18:33:00,JG,PSE
161,162,KA EKSEKUTIF EKONOMI,BANGUNKARTA,12:25:00,23:50:00,PSE,JG
162,163,KA EKSEKUTIF EKONOMI,GUMARANG,15:00:00,01:10:00,SBI,PSE
163,164,KA EKSEKUTIF EKONOMI,GUMARANG,21:30:00,07:58:00,PSE,SBI
164,165,KA EKSEKUTIF EKONOMI,DHARMAWANGSA EKSPRES,23:00:00,09:20:00,SBI,PSE
165,166,KA EKSEKUTIF EKONOMI,DHARMAWANGSA EKSPRES,08:10:00,19:38:00,PSE,SBI
166,167,KA EKSEKUTIF EKONOMI,KERTANEGARA,08:25:00,17:22:00,ML,PWT
167,168,KA EKSEKUTIF EKONOMI,KERTANEGARA,18:40:00,03:10:00,PWT,ML
168,169,KA EKSEKUTIF EKONOMI,MALIOBORO EKSPRES,19:30:00,04:05:00,ML,PWT
169,170,KA EKSEKUTIF EKONOMI,MALIOBORO EKSPRES,08:20:00,17:30:00,PWT,ML
170,171,KA EKSEKUTIF EKONOMI,CIREMAI,07:55:00,12:51:00,SMT,CKP
171,174,KA EKSEKUTIF EKONOMI,CIREMAI,13:20:00,15:12:00,CKP,BD
172,173,KA EKSEKUTIF EKONOMI,CIREMAI,16:55:00,18:45:00,BD,CKP
173,172,KA EKSEKUTIF EKONOMI,CIREMAI,19:10:00,00:00:00,CKP,SMT
174,175,KA EKSEKUTIF EKONOMI,MENOREH,06:30:00,12:31:00,SMT,PSE
175,176,KA EKSEKUTIF EKONOMI,MENOREH,13:35:00,19:22:00,PSE,SMT
176,177,KA EKSEKUTIF EKONOMI,MENOREH,23:40:00,05:48:00,SMT,PSE
177,178,KA EKSEKUTIF EKONOMI,TAWANGJAYA PREMIUM,06:45:00,12:53:00,PSE,SMT
178,179,KA EKSEKUTIF EKONOMI,TAWANGJAYA PREMIUM,14:15:00,19:52:00,SMT,PSE
179,180,KA EKSEKUTIF EKONOMI,TAWANGJAYA PREMIUM,23:50:00,05:40:00,PSE,SMT
180,181,KA EKSEKUTIF EKONOMI,KAMANDAKA,05:10:00,07:09:00,PWT,TG
181,182,KA EKSEKUTIF EKONOMI,KAMANDAKA,07:15:00,09:42:00,TG,SMT
182,183,KA EKSEKUTIF EKONOMI,KAMANDAKA,10:40:00,13:21:00,SMT,TG
183,184,KA EKSEKUTIF EKONOMI,KAMANDAKA,13:33:00,15:28:00,TG,PWT
184,191,KA EKSEKUTIF EKONOMI,KAMANDAKA,18:20:00,20:37:00,SMT,TG
185,190,KA EKSEKUTIF EKONOMI,KAMANDAKA,20:42:00,22:34:00,TG,PWT
186,194,KA EKSEKUTIF EKONOMI,KAMANDAKA,13:05:00,13:50:00,CP,KYA
187,195,KA EKSEKUTIF EKONOMI,KAMANDAKA,14:10:00,16:30:00,KYA,TG
188,196,KA EKSEKUTIF EKONOMI,KAMANDAKA,16:36:00,18:46:00,TG,SMT
189,197,KA EKSEKUTIF EKONOMI,KAMANDAKA,06:00:00,08:08:00,SMT,TG
190,198,KA EKSEKUTIF EKONOMI,KAMANDAKA,08:11:00,10:29:00,TG,KYA
191,199,KA EKSEKUTIF EKONOMI,KAMANDAKA,10:59:00,11:48:00,KYA,CP
192,185,KA EKSEKUTIF EKONOMI,JOGLOSEMARKERTO,17:30:00,19:25:00,PWT,TG
193,186,KA EKSEKUTIF EKONOMI,JOGLOSEMARKERTO,19:29:00,00:16:00,TG,SLO
194,187,KA EKSEKUTIF EKONOMI,JOGLOSEMARKERTO,05:10:00,09:41:00,SLO,TG
195,188,KA EKSEKUTIF EKONOMI,JOGLOSEMARKERTO,09:47:00,15:34:00,TG,SLO
196,189,KA EKSEKUTIF EKONOMI,JOGLOSEMARKERTO,15:50:00,18:02:00,SLO,SMT
197,193,KA EKSEKUTIF EKONOMI,JOGLOSEMARKERTO,06:10:00,11:59:00,SLO,TG
198,192,KA EKSEKUTIF EKONOMI,JOGLOSEMARKERTO,12:03:00,16:40:00,TG,SLO
199,201,KA EKSEKUTIF EKONOMI,JOGLOSEMARKERTO,10:20:00,13:28:00,YK,CP
200,202,KA EKSEKUTIF EKONOMI,JOGLOSEMARKERTO,06:00:00,09:03:00,CP,YK
201,203,KA EKSEKUTIF EKONOMI,TEGAL BAHARI,16:00:00,20:30:00,TG,PSE
202,204,KA EKSEKUTIF EKONOMI,TEGAL BAHARI,10:40:00,15:05:00,PSE,TG
203,208F,KA EKSEKUTIF EKONOMI,BATURRADEN EKSPRES,18:55:00,19:18:00,PWT,KYA
204,205F,KA EKSEKUTIF EKONOMI,BATURRADEN EKSPRES,19:40:00,02:10:00,KYA,BD
205,206F,KA EKSEKUTIF EKONOMI,BATURRADEN EKSPRES,07:55:00,13:18:00,BD,KYA
206,207F,KA EKSEKUTIF EKONOMI,BATURRADEN EKSPRES,13:39:00,14:04:00,KYA,PWT
207,209,KA EKSEKUTIF EKONOMI,MUTIARA TIMUR,09:00:00,15:30:00,SBI,KTG
208,210,KA EKSEKUTIF EKONOMI,MUTIARA TIMUR,22:00:00,04:10:00,KTG,SBI
209,211F,KA EKSEKUTIF EKONOMI,MUTIARA TIMUR,21:50:00,03:40:00,SGU,KTG
210,212F,KA EKSEKUTIF EKONOMI,MUTIARA TIMUR,08:40:00,14:38:00,KTG,SGU
211,213,KA EKSEKUTIF EKONOMI,KALIGUNG,08:40:00,11:07:00,SMC,BB
212,214,KA EKSEKUTIF EKONOMI,KALIGUNG,11:50:00,15:00:00,BB,SMC
213,215,KA EKSEKUTIF EKONOMI,KALIGUNG,17:20:00,19:31:00,SMC,TG
214,216,KA EKSEKUTIF EKONOMI,KALIGUNG,04:50:00,07:18:00,BB,SMC
215,217,KA EKSEKUTIF EKONOMI,KALIGUNG,05:00:00,08:50:00,SMC,CNP
216,218,KA EKSEKUTIF EKONOMI,KALIGUNG,09:20:00,13:43:00,CNP,SMC
217,219,KA EKSEKUTIF EKONOMI,KALIGUNG,14:45:00,17:00:00,SMC,TG
218,220,KA EKSEKUTIF EKONOMI,KALIGUNG,17:55:00,20:06:00,TG,SMC
219,221F,KA EKSEKUTIF EKONOMI,KALIGUNG,21:00:00,23:35:00,SMC,TG
220,222F,KA EKSEKUTIF EKONOMI,KALIGUNG,20:30:00,22:43:00,TG,SMC
221,223,KA EKSEKUTIF EKONOMI,PANGRANGO,05:10:00,06:57:00,SI,BOO
222,224,KA EKSEKUTIF EKONOMI,PANGRANGO,07:45:00,09:30:00,BOO,SI
223,225,KA EKSEKUTIF EKONOMI,PANGRANGO,10:30:00,12:15:00,SI,BOO
224,226,KA EKSEKUTIF EKONOMI,PANGRANGO,12:40:00,14:25:00,BOO,SI
225,227,KA EKSEKUTIF EKONOMI,PANGRANGO,14:50:00,16:35:00,SI,BOO
226,228,KA EKSEKUTIF EKONOMI,PANGRANGO,17:00:00,18:45:00,BOO,SI
227,229,KA EKSEKUTIF EKONOMI,PANGRANGO,19:10:00,20:55:00,SI,BOO
228,230,KA EKSEKUTIF EKONOMI,PANGRANGO,21:20:00,23:05:00,BOO,SI
229,231,KA EKSEKUTIF EKONOMI,BANYUBIRU EKSPRES,17:50:00,20:02:00,SLO,SMT
230,232,KA EKSEKUTIF EKONOMI,BANYUBIRU EKSPRES,21:15:00,23:17:00,SMT,SLO
231,233F,KA EKSEKUTIF BISNIS,SANCAKA UTARA,07:00:00,10:41:00,SBI,GBN
232,234F,KA EKSEKUTIF BISNIS,SANCAKA UTARA,10:46:00,11:56:00,GBN,SLO
233,235F,KA EKSEKUTIF BISNIS,SANCAKA UTARA,12:00:00,15:58:00,SLO,CP
234,236F,KA EKSEKUTIF BISNIS,SANCAKA UTARA,17:10:00,21:37:00,CP,SLO
235,237F,KA EKSEKUTIF BISNIS,SANCAKA UTARA,21:45:00,23:29:00,SLO,GBN
236,238F,KA EKSEKUTIF BISNIS,SANCAKA UTARA,23:34:00,02:58:00,GBN,SBI
237,240F,KA EKSEKUTIF EKONOMI,IJEN EKSPRES,19:30:00,00:51:00,KTG,BG
238,241F,KA EKSEKUTIF EKONOMI,IJEN EKSPRES,01:25:00,02:30:00,BG,ML
239,242F,KA EKSEKUTIF EKONOMI,IJEN EKSPRES,07:50:00,08:52:00,ML,BG
240,239F,KA EKSEKUTIF EKONOMI,IJEN EKSPRES,09:20:00,14:55:00,BG,KTG
241,245,KA EKONOMI,MAJAPAHIT,17:45:00,06:42:00,ML,PSE
242,246,KA EKONOMI,MAJAPAHIT,17:40:00,06:28:00,PSE,ML
243,250,KA EKONOMI,LOGAWA,06:15:00,12:03:00,KTG,SGU
244,247,KA EKONOMI,LOGAWA,12:48:00,20:20:00,SGU,PWT
245,248,KA EKONOMI,LOGAWA,06:45:00,14:00:00,PWT,SGU
246,249,KA EKONOMI,LOGAWA,14:45:00,21:20:00,SGU,KTG
247,251,KA EKONOMI,JAYAKARTA,13:50:00,02:35:00,SGU,PSE
248,252,KA EKONOMI,JAYAKARTA,17:10:00,06:00:00,PSE,SGU
249,253,KA EKONOMI,KERTAJAYA,22:30:00,09:03:00,SBI,PSE
250,254,KA EKONOMI,KERTAJAYA,14:30:00,01:25:00,PSE,SBI
251,255,KA EKONOMI,JAKA TINGKIR,23:35:00,07:43:00,SLO,PSE
252,256,KA EKONOMI,JAKA TINGKIR,11:50:00,20:00:00,PSE,SLO
253,257,KA EKONOMI,PROGO,13:10:00,20:45:00,LPN,PSE
254,258,KA EKONOMI,PROGO,23:20:00,06:40:00,PSE,LPN
255,259,KA EKONOMI,TAWANG JAYA,11:50:00,17:45:00,SMC,PSE
256,260,KA EKONOMI,TAWANG JAYA,18:25:00,00:20:00,PSE,SMC
257,261,KA EKONOMI,BLORA JAYA,05:15:00,07:47:00,CU,SMC
258,262,KA EKONOMI,BLORA JAYA,19:35:00,22:04:00,SMC,CU
259,263,KA EKONOMI,AMBARAWA EKSPRES,06:15:00,10:37:00,SBI,SMC
260,264,KA EKONOMI,AMBARAWA EKSPRES,11:40:00,16:28:00,SMC,SBI
261,265,KA EKONOMI,AMBARAWA EKSPRES,13:30:00,17:51:00,SBI,SMC
262,266,KA EKONOMI,AMBARAWA EKSPRES,08:30:00,12:55:00,SMC,SBI
263,267,KA EKONOMI,BANYUBIRU,08:55:00,10:49:00,SLO,SMT
264,268,KA EKONOMI,BANYUBIRU,06:05:00,08:05:00,SMT,SLO
265,269,KA EKONOMI,MATARMAJA,07:40:00,23:09:00,ML,PSE
266,270,KA EKONOMI,MATARMAJA,11:25:00,02:17:00,PSE,ML
267,271,KA EKONOMI,AIRLANGGA,12:50:00,00:58:00,SBI,PSE
268,272,KA EKONOMI,AIRLANGGA,09:15:00,21:53:00,PSE,SBI
269,273,KA EKONOMI,KAHURIPAN,17:10:00,07:15:00,BL,KAC
270,274,KA EKONOMI,KAHURIPAN,22:20:00,12:05:00,KAC,BL
271,275,KA EKONOMI,PASUNDAN,05:00:00,18:58:00,SGU,KAC
272,276,KA EKONOMI,PASUNDAN,11:10:00,00:40:00,KAC,SGU
273,278,KA EKONOMI,SRI TANJUNG,07:00:00,12:29:00,LPN,SB
274,279,KA EKONOMI,SRI TANJUNG,13:20:00,20:00:00,SB,KTG
275,280,KA EKONOMI,SRI TANJUNG,07:15:00,13:29:00,KTG,SB
276,277,KA EKONOMI,SRI TANJUNG,14:15:00,19:33:00,SB,LPN
277,281,KA EKONOMI,BENGAWAN,22:45:00,07:34:00,PWS,PSE
278,282,KA EKONOMI,BENGAWAN,08:55:00,18:05:00,PSE,PWS
279,286,KA EKONOMI,SERAYU,07:00:00,07:29:00,PWT,KYA
280,283,KA EKONOMI,SERAYU,07:49:00,17:22:00,KYA,PSE
281,284,KA EKONOMI,SERAYU,09:30:00,19:34:00,PSE,KYA
282,285,KA EKONOMI,SERAYU,20:06:00,20:35:00,KYA,PWT
283,290,KA EKONOMI,SERAYU,16:45:00,17:10:00,PWT,KYA
284,287,KA EKONOMI,SERAYU,17:30:00,04:17:00,KYA,PSE
285,288,KA EKONOMI,SERAYU,19:25:00,05:15:00,PSE,KYA
286,289,KA EKONOMI,SERAYU,05:35:00,06:00:00,KYA,PWT
287,291,KA EKONOMI,KUTOJAYA SELATAN,09:40:00,17:05:00,KTA,KAC
288,292,KA EKONOMI,KUTOJAYA SELATAN,20:50:00,04:05:00,KAC,KTA
289,296,KA EKONOMI,TAWANGALUN,17:00:00,18:19:00,MLK,BG
290,293,KA EKONOMI,TAWANGALUN,18:45:00,23:55:00,BG,KTG
291,294,KA EKONOMI,TAWANGALUN,05:00:00,10:23:00,KTG,BG
292,295,KA EKONOMI,TAWANGALUN,10:45:00,12:09:00,BG,MLK
293,297,KA EKONOMI,PROBOWANGI,05:55:00,12:45:00,SGU,KTG
294,298,KA EKONOMI,PROBOWANGI,17:20:00,23:55:00,KTG,SGU
295,299,KA EKONOMI,CIKURAY,06:05:00,11:35:00,GRT,PSE
296,300,KA EKONOMI,CIKURAY,17:20:00,22:52:00,PSE,GRT
297,521,KA BANDARA,BANDARA YIA,04:20:00,04:59:00,YK,YIA
298,522,KA BANDARA,BANDARA YIA,05:16:00,05:55:00,YIA,YK
299,523,KA BANDARA,BANDARA YIA,06:30:00,07:09:00,YK,YIA
300,524,KA BANDARA,BANDARA YIA,07:46:00,08:25:00,YIA,YK
301,525,KA BANDARA,BANDARA YIA,08:33:00,09:12:00,YK,YIA
302,526,KA BANDARA,BANDARA YIA,09:53:00,10:32:00,YIA,YK
303,527,KA BANDARA,BANDARA YIA,12:00:00,12:39:00,YK,YIA
304,528,KA BANDARA,BANDARA YIA,13:25:00,14:04:00,YIA,YK
305,529,KA BANDARA,BANDARA YIA,14:13:00,14:52:00,YK,YIA
306,530,KA BANDARA,BANDARA YIA,15:20:00,15:59:00,YIA,YK
307,531,KA BANDARA,BANDARA YIA,16:07:00,16:46:00,YK,YIA
308,532,KA BANDARA,BANDARA YIA,17:34:00,18:13:00,YIA,YK
309,533,KA BANDARA,BANDARA YIA,19:16:00,19:55:00,YK,YIA
310,534,KA BANDARA,BANDARA YIA,20:55:00,21:34:00,YIA,YK
311,535,KA BANDARA,BANDARA YIA,07:40:00,08:15:00,YK,YIA
312,536,KA BANDARA,BANDARA YIA,08:40:00,09:15:00,YIA,YK
313,537,KA BANDARA,BANDARA YIA,09:28:00,10:03:00,YK,YIA
314,538,KA BANDARA,BANDARA YIA,10:20:00,10:55:00,YIA,YK
315,539,KA BANDARA,BANDARA YIA,11:03:00,11:38:00,YK,YIA
316,540,KA BANDARA,BANDARA YIA,12:24:00,12:59:00,YIA,YK
317,541,KA BANDARA,BANDARA YIA,15:02:00,15:37:00,YK,YIA
318,542,KA BANDARA,BANDARA YIA,15:45:00,16:20:00,YIA,YK
319,543,KA BANDARA,BANDARA YIA,16:48:00,17:23:00,YK,YIA
320,544,KA BANDARA,BANDARA YIA,18:54:00,19:29:00,YIA,YK
321,545,KA BANDARA,BANDARA YIA,20:12:00,20:47:00,YK,YIA
322,546,KA BANDARA,BANDARA YIA,21:30:00,22:05:00,YIA,YK
323,547F,KA BANDARA,BANDARA YIA,06:00:00,06:35:00,YK,YIA
324,548F,KA BANDARA,BANDARA YIA,07:00:00,07:35:00,YIA,YK
325,549,KA BANDARA,BANDARA YIA,07:57:00,08:32:00,YK,YIA
326,550,KA BANDARA,BANDARA YIA,09:05:00,09:40:00,YIA,YK
327,551,KA BANDARA,BANDARA YIA,09:51:00,10:26:00,YK,YIA
328,552,KA BANDARA,BANDARA YIA,10:54:00,11:29:00,YIA,YK
329,553,KA BANDARA,BANDARA YIA,13:28:00,14:03:00,YK,YIA
330,554,KA BANDARA,BANDARA YIA,14:45:00,15:20:00,YIA,YK
331,555,KA BANDARA,BANDARA YIA,15:30:00,16:05:00,YK,YIA
332,556,KA BANDARA,BANDARA YIA,16:17:00,16:52:00,YIA,YK
333,557,KA BANDARA,BANDARA YIA,17:15:00,17:50:00,YK,YIA
334,558,KA BANDARA,BANDARA YIA,18:00:00,18:35:00,YIA,YK
335,559,KA BANDARA,BANDARA YIA,18:50:00,19:25:00,YK,YIA
336,560,KA BANDARA,BANDARA YIA,20:15:00,20:50:00,YIA,YK
337,561,KA BANDARA,BANDARA YIA,05:10:00,05:49:00,YK,YIA
338,562,KA BANDARA,BANDARA YIA,06:20:00,06:59:00,YIA,YK
339,563,KA BANDARA,BANDARA YIA,08:55:00,09:34:00,YK,YIA
340,564,KA BANDARA,BANDARA YIA,11:35:00,12:14:00,YIA,YK
341,565,KA BANDARA,BANDARA YIA,12:35:00,13:14:00,YK,YIA
342,566,KA BANDARA,BANDARA YIA,14:56:00,15:35:00,YIA,YK
343,567,KA BANDARA,BANDARA YIA,15:49:00,16:28:00,YK,YIA
344,568,KA BANDARA,BANDARA YIA,17:00:00,17:39:00,YIA,YK
345,569,KA BANDARA,BANDARA YIA,18:25:00,19:04:00,YK,YIA
346,570,KA BANDARA,BANDARA YIA,19:46:00,20:25:00,YIA,YK
347,571,KA BANDARA,BANDARA SMO,06:00:00,07:59:00,MN,SMO
348,572,KA BANDARA,BANDARA SMO,08:35:00,10:35:00,SMO,MN
349,573,KA BANDARA,BANDARA SMO,11:35:00,13:34:00,MN,SMO
350,574,KA BANDARA,BANDARA SMO,14:05:00,16:05:00,SMO,MN
351,575,KA BANDARA,BANDARA SMO,16:20:00,18:20:00,MN,SMO
352,576,KA BANDARA,BANDARA SMO,06:00:00,07:59:00,SMO,MN
353,577,KA BANDARA,BANDARA SMO,08:10:00,10:55:00,MN,SMO
354,578,KA BANDARA,BANDARA SMO,12:00:00,14:15:00,SMO,MN
355,579,KA BANDARA,BANDARA SMO,15:00:00,17:18:00,MN,SMO
356,580,KA BANDARA,BANDARA SMO,17:30:00,19:30:00,SMO,MN
